[{"pk": 1, "model": "feriados.feriado", "fields": {"data_anual_fixa": "01/01", "data_anual_movel": null, "data_unica": null, "nome": "Ano novo"}}, {"pk": 2, "model": "feriados.feriado", "fields": {"data_anual_fixa": "21/04", "data_anual_movel": null, "data_unica": null, "nome": "Tiradentes"}}, {"pk": 3, "model": "feriados.feriado", "fields": {"data_anual_fixa": "01/05", "data_anual_movel": null, "data_unica": null, "nome": "Dia dos trabalhadores"}}, {"pk": 4, "model": "feriados.feriado", "fields": {"data_anual_fixa": "07/09", "data_anual_movel": null, "data_unica": null, "nome": "Independ\u00eancia do Brasil"}}, {"pk": 5, "model": "feriados.feriado", "fields": {"data_anual_fixa": "12/10", "data_anual_movel": null, "data_unica": null, "nome": "Nossa Senhora Aparecida"}}, {"pk": 6, "model": "feriados.feriado", "fields": {"data_anual_fixa": "02/11", "data_anual_movel": null, "data_unica": null, "nome": "Finados"}}, {"pk": 7, "model": "feriados.feriado", "fields": {"data_anual_fixa": "15/11", "data_anual_movel": null, "data_unica": null, "nome": "Proclama\u00e7\u00e3o da Rep\u00fablica"}}, {"pk": 8, "model": "feriados.feriado", "fields": {"data_anual_fixa": "25/12", "data_anual_movel": null, "data_unica": null, "nome": "Natal"}}, {"pk": 9, "model": "feriados.feriado", "fields": {"data_anual_fixa": null, "data_anual_movel": "pascoa", "data_unica": null, "nome": "P\u00e1scoa"}}, {"pk": 10, "model": "feriados.feriado", "fields": {"data_anual_fixa": null, "data_anual_movel": "pascoa - d(48)", "data_unica": null, "nome": "Segunda de carnaval"}}, {"pk": 11, "model": "feriados.feriado", "fields": {"data_anual_fixa": null, "data_anual_movel": "pascoa - d(47)", "data_unica": null, "nome": "Ter\u00e7a de carnaval"}}, {"pk": 12, "model": "feriados.feriado", "fields": {"data_anual_fixa": null, "data_anual_movel": "pascoa + d(60)", "data_unica": null, "nome": "Corpus Christi"}}, {"pk": 2, "model": "caixa.dia", "fields": {"dia_da_semana": 4, "data": "2011-06-03", "anotacoes": ""}}, {"pk": 3, "model": "caixa.dia", "fields": {"dia_da_semana": 5, "data": "2011-06-04", "anotacoes": ""}}, {"pk": 4, "model": "caixa.dia", "fields": {"dia_da_semana": 6, "data": "2011-06-05", "anotacoes": ""}}, {"pk": 5, "model": "caixa.dia", "fields": {"dia_da_semana": 4, "data": "2011-06-10", "anotacoes": ""}}, {"pk": 6, "model": "caixa.dia", "fields": {"dia_da_semana": 5, "data": "2011-06-11", "anotacoes": ""}}, {"pk": 7, "model": "caixa.dia", "fields": {"dia_da_semana": 6, "data": "2011-06-12", "anotacoes": ""}}, {"pk": 8, "model": "caixa.dia", "fields": {"dia_da_semana": 4, "data": "2011-06-17", "anotacoes": ""}}, {"pk": 9, "model": "caixa.dia", "fields": {"dia_da_semana": 5, "data": "2011-06-18", "anotacoes": ""}}, {"pk": 10, "model": "caixa.dia", "fields": {"dia_da_semana": 6, "data": "2011-06-19", "anotacoes": ""}}, {"pk": 11, "model": "caixa.dia", "fields": {"dia_da_semana": 3, "data": "2011-06-23", "anotacoes": ""}}, {"pk": 12, "model": "caixa.dia", "fields": {"dia_da_semana": 4, "data": "2011-06-24", "anotacoes": ""}}, {"pk": 13, "model": "caixa.dia", "fields": {"dia_da_semana": 5, "data": "2011-06-25", "anotacoes": ""}}, {"pk": 14, "model": "caixa.dia", "fields": {"dia_da_semana": 6, "data": "2011-06-26", "anotacoes": ""}}, {"pk": 15, "model": "caixa.dia", "fields": {"dia_da_semana": 4, "data": "2011-07-01", "anotacoes": ""}}, {"pk": 16, "model": "caixa.dia", "fields": {"dia_da_semana": 5, "data": "2011-07-02", "anotacoes": ""}}, {"pk": 17, "model": "caixa.dia", "fields": {"dia_da_semana": 6, "data": "2011-07-03", "anotacoes": ""}}, {"pk": 18, "model": "caixa.dia", "fields": {"dia_da_semana": 4, "data": "2011-07-08", "anotacoes": ""}}, {"pk": 19, "model": "caixa.dia", "fields": {"dia_da_semana": 5, "data": "2011-07-09", "anotacoes": ""}}, {"pk": 20, "model": "caixa.dia", "fields": {"dia_da_semana": 6, "data": "2011-07-10", "anotacoes": ""}}, {"pk": 22, "model": "caixa.dia", "fields": {"dia_da_semana": 4, "data": "2011-07-15", "anotacoes": ""}}, {"pk": 23, "model": "caixa.dia", "fields": {"dia_da_semana": 5, "data": "2011-07-16", "anotacoes": ""}}, {"pk": 24, "model": "caixa.dia", "fields": {"dia_da_semana": 6, "data": "2011-07-17", "anotacoes": ""}}, {"pk": 25, "model": "caixa.dia", "fields": {"dia_da_semana": 4, "data": "2011-07-22", "anotacoes": ""}}, {"pk": 26, "model": "caixa.dia", "fields": {"dia_da_semana": 5, "data": "2011-07-23", "anotacoes": ""}}, {"pk": 27, "model": "caixa.dia", "fields": {"dia_da_semana": 6, "data": "2011-07-24", "anotacoes": ""}}, {"pk": 28, "model": "caixa.dia", "fields": {"dia_da_semana": 4, "data": "2011-07-29", "anotacoes": ""}}, {"pk": 29, "model": "caixa.dia", "fields": {"dia_da_semana": 5, "data": "2011-07-30", "anotacoes": ""}}, {"pk": 30, "model": "caixa.dia", "fields": {"dia_da_semana": 6, "data": "2011-07-31", "anotacoes": ""}}, {"pk": 31, "model": "caixa.dia", "fields": {"dia_da_semana": 4, "data": "2011-08-05", "anotacoes": ""}}, {"pk": 32, "model": "caixa.dia", "fields": {"dia_da_semana": 5, "data": "2011-08-06", "anotacoes": ""}}, {"pk": 33, "model": "caixa.dia", "fields": {"dia_da_semana": 6, "data": "2011-08-07", "anotacoes": ""}}, {"pk": 34, "model": "caixa.dia", "fields": {"dia_da_semana": 4, "data": "2011-08-12", "anotacoes": ""}}, {"pk": 35, "model": "caixa.dia", "fields": {"dia_da_semana": 5, "data": "2011-08-13", "anotacoes": ""}}, {"pk": 36, "model": "caixa.dia", "fields": {"dia_da_semana": 6, "data": "2011-08-14", "anotacoes": ""}}, {"pk": 37, "model": "caixa.dia", "fields": {"dia_da_semana": 4, "data": "2011-08-19", "anotacoes": ""}}, {"pk": 38, "model": "caixa.dia", "fields": {"dia_da_semana": 5, "data": "2011-08-20", "anotacoes": ""}}, {"pk": 39, "model": "caixa.dia", "fields": {"dia_da_semana": 6, "data": "2011-08-21", "anotacoes": ""}}, {"pk": 40, "model": "caixa.dia", "fields": {"dia_da_semana": 4, "data": "2011-08-26", "anotacoes": ""}}, {"pk": 41, "model": "caixa.dia", "fields": {"dia_da_semana": 5, "data": "2011-08-27", "anotacoes": ""}}, {"pk": 42, "model": "caixa.dia", "fields": {"dia_da_semana": 6, "data": "2011-08-28", "anotacoes": ""}}, {"pk": 43, "model": "caixa.dia", "fields": {"dia_da_semana": 4, "data": "2011-09-02", "anotacoes": ""}}, {"pk": 44, "model": "caixa.dia", "fields": {"dia_da_semana": 5, "data": "2011-09-03", "anotacoes": ""}}, {"pk": 45, "model": "caixa.dia", "fields": {"dia_da_semana": 6, "data": "2011-09-04", "anotacoes": ""}}, {"pk": 46, "model": "caixa.dia", "fields": {"dia_da_semana": 2, "data": "2011-09-07", "anotacoes": ""}}, {"pk": 47, "model": "caixa.dia", "fields": {"dia_da_semana": 4, "data": "2011-09-09", "anotacoes": ""}}, {"pk": 48, "model": "caixa.dia", "fields": {"dia_da_semana": 5, "data": "2011-09-10", "anotacoes": ""}}, {"pk": 49, "model": "caixa.dia", "fields": {"dia_da_semana": 6, "data": "2011-09-11", "anotacoes": ""}}, {"pk": 50, "model": "caixa.dia", "fields": {"dia_da_semana": 4, "data": "2011-09-16", "anotacoes": ""}}, {"pk": 51, "model": "caixa.dia", "fields": {"dia_da_semana": 5, "data": "2011-09-17", "anotacoes": ""}}, {"pk": 52, "model": "caixa.dia", "fields": {"dia_da_semana": 6, "data": "2011-09-18", "anotacoes": ""}}, {"pk": 53, "model": "caixa.dia", "fields": {"dia_da_semana": 4, "data": "2011-09-23", "anotacoes": ""}}, {"pk": 54, "model": "caixa.dia", "fields": {"dia_da_semana": 5, "data": "2011-09-24", "anotacoes": ""}}, {"pk": 55, "model": "caixa.dia", "fields": {"dia_da_semana": 6, "data": "2011-09-25", "anotacoes": ""}}, {"pk": 56, "model": "caixa.dia", "fields": {"dia_da_semana": 4, "data": "2011-09-30", "anotacoes": ""}}, {"pk": 57, "model": "caixa.dia", "fields": {"dia_da_semana": 5, "data": "2011-10-01", "anotacoes": ""}}, {"pk": 58, "model": "caixa.dia", "fields": {"dia_da_semana": 6, "data": "2011-10-02", "anotacoes": ""}}, {"pk": 59, "model": "caixa.dia", "fields": {"dia_da_semana": 4, "data": "2011-10-07", "anotacoes": ""}}, {"pk": 60, "model": "caixa.dia", "fields": {"dia_da_semana": 5, "data": "2011-10-08", "anotacoes": ""}}, {"pk": 61, "model": "caixa.dia", "fields": {"dia_da_semana": 6, "data": "2011-10-09", "anotacoes": ""}}, {"pk": 62, "model": "caixa.dia", "fields": {"dia_da_semana": 2, "data": "2011-10-12", "anotacoes": ""}}, {"pk": 63, "model": "caixa.dia", "fields": {"dia_da_semana": 4, "data": "2011-10-14", "anotacoes": ""}}, {"pk": 64, "model": "caixa.dia", "fields": {"dia_da_semana": 5, "data": "2011-10-15", "anotacoes": ""}}, {"pk": 65, "model": "caixa.dia", "fields": {"dia_da_semana": 6, "data": "2011-10-16", "anotacoes": ""}}, {"pk": 66, "model": "caixa.dia", "fields": {"dia_da_semana": 3, "data": "2011-10-20", "anotacoes": ""}}, {"pk": 67, "model": "caixa.dia", "fields": {"dia_da_semana": 4, "data": "2011-10-21", "anotacoes": ""}}, {"pk": 68, "model": "caixa.dia", "fields": {"dia_da_semana": 5, "data": "2011-10-22", "anotacoes": ""}}, {"pk": 69, "model": "caixa.dia", "fields": {"dia_da_semana": 6, "data": "2011-10-23", "anotacoes": ""}}, {"pk": 70, "model": "caixa.dia", "fields": {"dia_da_semana": 4, "data": "2011-10-28", "anotacoes": ""}}, {"pk": 71, "model": "caixa.dia", "fields": {"dia_da_semana": 5, "data": "2011-10-29", "anotacoes": ""}}, {"pk": 72, "model": "caixa.dia", "fields": {"dia_da_semana": 2, "data": "2011-11-02", "anotacoes": ""}}, {"pk": 73, "model": "caixa.dia", "fields": {"dia_da_semana": 6, "data": "2011-10-30", "anotacoes": ""}}, {"pk": 74, "model": "caixa.dia", "fields": {"dia_da_semana": 4, "data": "2011-11-04", "anotacoes": ""}}, {"pk": 75, "model": "caixa.dia", "fields": {"dia_da_semana": 5, "data": "2011-11-05", "anotacoes": ""}}, {"pk": 76, "model": "caixa.dia", "fields": {"dia_da_semana": 6, "data": "2011-11-06", "anotacoes": ""}}, {"pk": 77, "model": "caixa.dia", "fields": {"dia_da_semana": 4, "data": "2011-11-11", "anotacoes": ""}}, {"pk": 78, "model": "caixa.dia", "fields": {"dia_da_semana": 5, "data": "2011-11-12", "anotacoes": ""}}, {"pk": 79, "model": "caixa.dia", "fields": {"dia_da_semana": 6, "data": "2011-11-13", "anotacoes": ""}}, {"pk": 80, "model": "caixa.dia", "fields": {"dia_da_semana": 0, "data": "2011-11-14", "anotacoes": ""}}, {"pk": 81, "model": "caixa.dia", "fields": {"dia_da_semana": 4, "data": "2011-11-18", "anotacoes": ""}}, {"pk": 82, "model": "caixa.dia", "fields": {"dia_da_semana": 5, "data": "2011-11-19", "anotacoes": ""}}, {"pk": 83, "model": "caixa.dia", "fields": {"dia_da_semana": 6, "data": "2011-11-20", "anotacoes": ""}}, {"pk": 84, "model": "caixa.dia", "fields": {"dia_da_semana": 4, "data": "2011-11-25", "anotacoes": ""}}, {"pk": 85, "model": "caixa.dia", "fields": {"dia_da_semana": 5, "data": "2011-11-26", "anotacoes": ""}}, {"pk": 86, "model": "caixa.dia", "fields": {"dia_da_semana": 4, "data": "2011-12-02", "anotacoes": ""}}, {"pk": 87, "model": "caixa.dia", "fields": {"dia_da_semana": 5, "data": "2011-12-03", "anotacoes": ""}}, {"pk": 88, "model": "caixa.dia", "fields": {"dia_da_semana": 6, "data": "2011-11-27", "anotacoes": ""}}, {"pk": 89, "model": "caixa.dia", "fields": {"dia_da_semana": 6, "data": "2011-12-04", "anotacoes": ""}}, {"pk": 90, "model": "caixa.dia", "fields": {"dia_da_semana": 4, "data": "2011-12-09", "anotacoes": ""}}, {"pk": 91, "model": "caixa.dia", "fields": {"dia_da_semana": 5, "data": "2011-12-10", "anotacoes": ""}}, {"pk": 92, "model": "caixa.dia", "fields": {"dia_da_semana": 6, "data": "2011-12-11", "anotacoes": ""}}, {"pk": 93, "model": "caixa.dia", "fields": {"dia_da_semana": 4, "data": "2011-12-30", "anotacoes": ""}}, {"pk": 94, "model": "caixa.dia", "fields": {"dia_da_semana": 6, "data": "2011-12-18", "anotacoes": ""}}, {"pk": 95, "model": "caixa.dia", "fields": {"dia_da_semana": 5, "data": "2011-12-31", "anotacoes": ""}}, {"pk": 96, "model": "caixa.dia", "fields": {"dia_da_semana": 6, "data": "2012-01-01", "anotacoes": ""}}, {"pk": 97, "model": "caixa.dia", "fields": {"dia_da_semana": 4, "data": "2012-01-06", "anotacoes": ""}}, {"pk": 98, "model": "caixa.dia", "fields": {"dia_da_semana": 5, "data": "2012-01-07", "anotacoes": ""}}, {"pk": 99, "model": "caixa.dia", "fields": {"dia_da_semana": 6, "data": "2012-01-08", "anotacoes": ""}}, {"pk": 100, "model": "caixa.dia", "fields": {"dia_da_semana": 4, "data": "2012-01-13", "anotacoes": ""}}, {"pk": 101, "model": "caixa.dia", "fields": {"dia_da_semana": 5, "data": "2012-01-14", "anotacoes": ""}}, {"pk": 102, "model": "caixa.dia", "fields": {"dia_da_semana": 6, "data": "2012-01-15", "anotacoes": ""}}, {"pk": 103, "model": "caixa.dia", "fields": {"dia_da_semana": 4, "data": "2012-01-20", "anotacoes": ""}}, {"pk": 104, "model": "caixa.dia", "fields": {"dia_da_semana": 5, "data": "2012-01-21", "anotacoes": ""}}, {"pk": 105, "model": "caixa.dia", "fields": {"dia_da_semana": 4, "data": "2012-01-27", "anotacoes": ""}}, {"pk": 106, "model": "caixa.dia", "fields": {"dia_da_semana": 5, "data": "2012-01-28", "anotacoes": ""}}, {"pk": 107, "model": "caixa.dia", "fields": {"dia_da_semana": 6, "data": "2012-01-29", "anotacoes": ""}}, {"pk": 108, "model": "caixa.dia", "fields": {"dia_da_semana": 4, "data": "2012-02-03", "anotacoes": ""}}, {"pk": 109, "model": "caixa.dia", "fields": {"dia_da_semana": 5, "data": "2012-02-04", "anotacoes": ""}}, {"pk": 110, "model": "caixa.dia", "fields": {"dia_da_semana": 1, "data": "2012-01-31", "anotacoes": ""}}, {"pk": 111, "model": "caixa.dia", "fields": {"dia_da_semana": 6, "data": "2012-02-05", "anotacoes": ""}}, {"pk": 112, "model": "caixa.dia", "fields": {"dia_da_semana": 0, "data": "2012-02-06", "anotacoes": ""}}, {"pk": 113, "model": "caixa.dia", "fields": {"dia_da_semana": 4, "data": "2012-02-10", "anotacoes": ""}}, {"pk": 114, "model": "caixa.dia", "fields": {"dia_da_semana": 5, "data": "2012-02-11", "anotacoes": ""}}, {"pk": 115, "model": "caixa.dia", "fields": {"dia_da_semana": 6, "data": "2012-02-12", "anotacoes": ""}}, {"pk": 116, "model": "caixa.dia", "fields": {"dia_da_semana": 4, "data": "2012-02-17", "anotacoes": ""}}, {"pk": 117, "model": "caixa.dia", "fields": {"dia_da_semana": 5, "data": "2012-02-18", "anotacoes": ""}}, {"pk": 118, "model": "caixa.dia", "fields": {"dia_da_semana": 6, "data": "2012-02-19", "anotacoes": ""}}, {"pk": 119, "model": "caixa.dia", "fields": {"dia_da_semana": 0, "data": "2012-02-20", "anotacoes": ""}}, {"pk": 120, "model": "caixa.dia", "fields": {"dia_da_semana": 1, "data": "2012-02-21", "anotacoes": ""}}, {"pk": 121, "model": "caixa.dia", "fields": {"dia_da_semana": 4, "data": "2012-02-24", "anotacoes": ""}}, {"pk": 122, "model": "caixa.dia", "fields": {"dia_da_semana": 5, "data": "2012-02-25", "anotacoes": ""}}, {"pk": 123, "model": "caixa.dia", "fields": {"dia_da_semana": 6, "data": "2012-02-26", "anotacoes": ""}}, {"pk": 124, "model": "caixa.dia", "fields": {"dia_da_semana": 3, "data": "2012-03-01", "anotacoes": ""}}, {"pk": 125, "model": "caixa.dia", "fields": {"dia_da_semana": 4, "data": "2012-03-02", "anotacoes": ""}}, {"pk": 126, "model": "caixa.dia", "fields": {"dia_da_semana": 5, "data": "2012-03-03", "anotacoes": ""}}, {"pk": 127, "model": "caixa.dia", "fields": {"dia_da_semana": 6, "data": "2012-03-04", "anotacoes": ""}}, {"pk": 128, "model": "caixa.dia", "fields": {"dia_da_semana": 4, "data": "2012-03-09", "anotacoes": ""}}, {"pk": 129, "model": "caixa.dia", "fields": {"dia_da_semana": 5, "data": "2012-03-10", "anotacoes": ""}}, {"pk": 130, "model": "caixa.dia", "fields": {"dia_da_semana": 6, "data": "2012-03-11", "anotacoes": ""}}, {"pk": 131, "model": "caixa.dia", "fields": {"dia_da_semana": 4, "data": "2012-03-16", "anotacoes": ""}}, {"pk": 132, "model": "caixa.dia", "fields": {"dia_da_semana": 5, "data": "2012-03-17", "anotacoes": ""}}, {"pk": 133, "model": "caixa.dia", "fields": {"dia_da_semana": 6, "data": "2012-03-18", "anotacoes": ""}}, {"pk": 134, "model": "caixa.dia", "fields": {"dia_da_semana": 4, "data": "2012-03-23", "anotacoes": ""}}, {"pk": 135, "model": "caixa.dia", "fields": {"dia_da_semana": 5, "data": "2012-03-24", "anotacoes": ""}}, {"pk": 136, "model": "caixa.dia", "fields": {"dia_da_semana": 6, "data": "2012-03-25", "anotacoes": ""}}, {"pk": 137, "model": "caixa.dia", "fields": {"dia_da_semana": 4, "data": "2012-03-30", "anotacoes": ""}}, {"pk": 138, "model": "caixa.dia", "fields": {"dia_da_semana": 5, "data": "2012-03-31", "anotacoes": ""}}, {"pk": 139, "model": "caixa.dia", "fields": {"dia_da_semana": 6, "data": "2012-04-01", "anotacoes": ""}}, {"pk": 140, "model": "caixa.dia", "fields": {"dia_da_semana": 3, "data": "2012-04-05", "anotacoes": ""}}, {"pk": 141, "model": "caixa.dia", "fields": {"dia_da_semana": 4, "data": "2012-04-06", "anotacoes": ""}}, {"pk": 142, "model": "caixa.dia", "fields": {"dia_da_semana": 5, "data": "2012-04-07", "anotacoes": ""}}, {"pk": 143, "model": "caixa.dia", "fields": {"dia_da_semana": 6, "data": "2012-04-08", "anotacoes": ""}}, {"pk": 144, "model": "caixa.dia", "fields": {"dia_da_semana": 4, "data": "2012-04-13", "anotacoes": ""}}, {"pk": 145, "model": "caixa.dia", "fields": {"dia_da_semana": 5, "data": "2012-04-14", "anotacoes": ""}}, {"pk": 146, "model": "caixa.dia", "fields": {"dia_da_semana": 6, "data": "2012-04-15", "anotacoes": ""}}, {"pk": 147, "model": "caixa.dia", "fields": {"dia_da_semana": 4, "data": "2012-04-20", "anotacoes": ""}}, {"pk": 148, "model": "caixa.dia", "fields": {"dia_da_semana": 5, "data": "2012-04-21", "anotacoes": ""}}, {"pk": 149, "model": "caixa.dia", "fields": {"dia_da_semana": 6, "data": "2012-04-22", "anotacoes": ""}}, {"pk": 150, "model": "caixa.dia", "fields": {"dia_da_semana": 0, "data": "2012-04-23", "anotacoes": ""}}, {"pk": 151, "model": "caixa.dia", "fields": {"dia_da_semana": 4, "data": "2012-04-27", "anotacoes": ""}}, {"pk": 152, "model": "caixa.dia", "fields": {"dia_da_semana": 5, "data": "2012-04-28", "anotacoes": ""}}, {"pk": 153, "model": "caixa.dia", "fields": {"dia_da_semana": 6, "data": "2012-04-29", "anotacoes": ""}}, {"pk": 154, "model": "caixa.dia", "fields": {"dia_da_semana": 0, "data": "2012-04-30", "anotacoes": ""}}, {"pk": 155, "model": "caixa.dia", "fields": {"dia_da_semana": 1, "data": "2012-05-01", "anotacoes": ""}}, {"pk": 156, "model": "caixa.dia", "fields": {"dia_da_semana": 4, "data": "2012-05-04", "anotacoes": ""}}, {"pk": 157, "model": "caixa.dia", "fields": {"dia_da_semana": 5, "data": "2012-05-05", "anotacoes": ""}}, {"pk": 158, "model": "caixa.dia", "fields": {"dia_da_semana": 6, "data": "2012-05-06", "anotacoes": ""}}, {"pk": 159, "model": "caixa.dia", "fields": {"dia_da_semana": 4, "data": "2012-05-11", "anotacoes": ""}}, {"pk": 160, "model": "caixa.dia", "fields": {"dia_da_semana": 5, "data": "2012-05-12", "anotacoes": ""}}, {"pk": 161, "model": "caixa.dia", "fields": {"dia_da_semana": 4, "data": "2012-05-18", "anotacoes": ""}}, {"pk": 162, "model": "caixa.dia", "fields": {"dia_da_semana": 5, "data": "2012-05-19", "anotacoes": ""}}, {"pk": 163, "model": "caixa.dia", "fields": {"dia_da_semana": 6, "data": "2012-05-20", "anotacoes": ""}}, {"pk": 164, "model": "caixa.dia", "fields": {"dia_da_semana": 4, "data": "2012-05-25", "anotacoes": ""}}, {"pk": 165, "model": "caixa.dia", "fields": {"dia_da_semana": 5, "data": "2012-05-26", "anotacoes": ""}}, {"pk": 166, "model": "caixa.dia", "fields": {"dia_da_semana": 6, "data": "2012-05-27", "anotacoes": ""}}, {"pk": 167, "model": "caixa.dia", "fields": {"dia_da_semana": 4, "data": "2012-06-01", "anotacoes": ""}}, {"pk": 168, "model": "caixa.dia", "fields": {"dia_da_semana": 5, "data": "2012-06-02", "anotacoes": ""}}, {"pk": 169, "model": "caixa.dia", "fields": {"dia_da_semana": 6, "data": "2012-06-03", "anotacoes": ""}}, {"pk": 170, "model": "caixa.dia", "fields": {"dia_da_semana": 0, "data": "2012-06-04", "anotacoes": ""}}, {"pk": 171, "model": "caixa.dia", "fields": {"dia_da_semana": 3, "data": "2012-06-07", "anotacoes": ""}}, {"pk": 172, "model": "caixa.dia", "fields": {"dia_da_semana": 4, "data": "2012-06-08", "anotacoes": ""}}, {"pk": 173, "model": "caixa.dia", "fields": {"dia_da_semana": 5, "data": "2012-06-09", "anotacoes": ""}}, {"pk": 174, "model": "caixa.dia", "fields": {"dia_da_semana": 6, "data": "2012-06-10", "anotacoes": ""}}, {"pk": 175, "model": "caixa.dia", "fields": {"dia_da_semana": 4, "data": "2012-06-15", "anotacoes": ""}}, {"pk": 176, "model": "caixa.dia", "fields": {"dia_da_semana": 5, "data": "2012-06-23", "anotacoes": ""}}, {"pk": 177, "model": "caixa.dia", "fields": {"dia_da_semana": 5, "data": "2012-06-16", "anotacoes": ""}}, {"pk": 178, "model": "caixa.dia", "fields": {"dia_da_semana": 6, "data": "2012-06-17", "anotacoes": ""}}, {"pk": 179, "model": "caixa.dia", "fields": {"dia_da_semana": 3, "data": "2012-06-21", "anotacoes": ""}}, {"pk": 180, "model": "caixa.dia", "fields": {"dia_da_semana": 4, "data": "2012-06-22", "anotacoes": ""}}, {"pk": 181, "model": "caixa.dia", "fields": {"dia_da_semana": 6, "data": "2012-06-24", "anotacoes": ""}}, {"pk": 182, "model": "caixa.dia", "fields": {"dia_da_semana": 4, "data": "2012-06-29", "anotacoes": ""}}, {"pk": 183, "model": "caixa.dia", "fields": {"dia_da_semana": 5, "data": "2012-06-30", "anotacoes": ""}}, {"pk": 184, "model": "caixa.dia", "fields": {"dia_da_semana": 6, "data": "2012-07-01", "anotacoes": ""}}, {"pk": 185, "model": "caixa.dia", "fields": {"dia_da_semana": 4, "data": "2012-07-06", "anotacoes": ""}}, {"pk": 186, "model": "caixa.dia", "fields": {"dia_da_semana": 5, "data": "2012-07-07", "anotacoes": ""}}, {"pk": 187, "model": "caixa.dia", "fields": {"dia_da_semana": 6, "data": "2012-07-08", "anotacoes": ""}}, {"pk": 188, "model": "caixa.dia", "fields": {"dia_da_semana": 4, "data": "2012-07-13", "anotacoes": ""}}, {"pk": 189, "model": "caixa.dia", "fields": {"dia_da_semana": 5, "data": "2012-07-14", "anotacoes": ""}}, {"pk": 190, "model": "caixa.dia", "fields": {"dia_da_semana": 6, "data": "2012-07-15", "anotacoes": ""}}, {"pk": 191, "model": "caixa.dia", "fields": {"dia_da_semana": 4, "data": "2012-07-20", "anotacoes": ""}}, {"pk": 192, "model": "caixa.dia", "fields": {"dia_da_semana": 5, "data": "2012-07-28", "anotacoes": ""}}, {"pk": 193, "model": "caixa.dia", "fields": {"dia_da_semana": 5, "data": "2012-07-21", "anotacoes": ""}}, {"pk": 194, "model": "caixa.dia", "fields": {"dia_da_semana": 6, "data": "2012-07-22", "anotacoes": ""}}, {"pk": 195, "model": "caixa.dia", "fields": {"dia_da_semana": 4, "data": "2012-07-27", "anotacoes": ""}}, {"pk": 196, "model": "caixa.dia", "fields": {"dia_da_semana": 6, "data": "2012-07-29", "anotacoes": ""}}, {"pk": 197, "model": "caixa.dia", "fields": {"dia_da_semana": 4, "data": "2012-08-03", "anotacoes": ""}}, {"pk": 198, "model": "caixa.dia", "fields": {"dia_da_semana": 5, "data": "2012-08-04", "anotacoes": ""}}, {"pk": 199, "model": "caixa.dia", "fields": {"dia_da_semana": 6, "data": "2012-08-05", "anotacoes": ""}}, {"pk": 200, "model": "caixa.dia", "fields": {"dia_da_semana": 4, "data": "2012-08-10", "anotacoes": ""}}, {"pk": 201, "model": "caixa.dia", "fields": {"dia_da_semana": 5, "data": "2012-08-11", "anotacoes": ""}}, {"pk": 202, "model": "caixa.dia", "fields": {"dia_da_semana": 6, "data": "2012-08-12", "anotacoes": ""}}, {"pk": 203, "model": "caixa.dia", "fields": {"dia_da_semana": 4, "data": "2012-08-17", "anotacoes": ""}}, {"pk": 204, "model": "caixa.dia", "fields": {"dia_da_semana": 5, "data": "2012-08-18", "anotacoes": ""}}, {"pk": 205, "model": "caixa.dia", "fields": {"dia_da_semana": 6, "data": "2012-08-19", "anotacoes": ""}}, {"pk": 206, "model": "caixa.dia", "fields": {"dia_da_semana": 4, "data": "2012-08-24", "anotacoes": ""}}, {"pk": 207, "model": "caixa.dia", "fields": {"dia_da_semana": 5, "data": "2012-08-25", "anotacoes": ""}}, {"pk": 208, "model": "caixa.dia", "fields": {"dia_da_semana": 6, "data": "2012-08-26", "anotacoes": ""}}, {"pk": 209, "model": "caixa.dia", "fields": {"dia_da_semana": 4, "data": "2012-08-31", "anotacoes": ""}}, {"pk": 210, "model": "caixa.dia", "fields": {"dia_da_semana": 5, "data": "2012-09-01", "anotacoes": ""}}, {"pk": 211, "model": "caixa.dia", "fields": {"dia_da_semana": 6, "data": "2012-09-02", "anotacoes": ""}}, {"pk": 212, "model": "caixa.dia", "fields": {"dia_da_semana": 4, "data": "2012-09-07", "anotacoes": ""}}, {"pk": 213, "model": "caixa.dia", "fields": {"dia_da_semana": 5, "data": "2012-09-08", "anotacoes": ""}}, {"pk": 214, "model": "caixa.dia", "fields": {"dia_da_semana": 6, "data": "2012-09-09", "anotacoes": ""}}, {"pk": 215, "model": "caixa.dia", "fields": {"dia_da_semana": 4, "data": "2012-09-14", "anotacoes": ""}}, {"pk": 216, "model": "caixa.dia", "fields": {"dia_da_semana": 5, "data": "2012-09-15", "anotacoes": ""}}, {"pk": 217, "model": "caixa.dia", "fields": {"dia_da_semana": 6, "data": "2012-09-16", "anotacoes": ""}}, {"pk": 218, "model": "caixa.dia", "fields": {"dia_da_semana": 4, "data": "2012-09-21", "anotacoes": ""}}, {"pk": 219, "model": "caixa.dia", "fields": {"dia_da_semana": 5, "data": "2012-09-22", "anotacoes": ""}}, {"pk": 220, "model": "caixa.dia", "fields": {"dia_da_semana": 6, "data": "2012-09-23", "anotacoes": ""}}, {"pk": 221, "model": "caixa.dia", "fields": {"dia_da_semana": 4, "data": "2012-09-28", "anotacoes": ""}}, {"pk": 222, "model": "caixa.dia", "fields": {"dia_da_semana": 5, "data": "2012-09-29", "anotacoes": ""}}, {"pk": 223, "model": "caixa.dia", "fields": {"dia_da_semana": 6, "data": "2012-09-30", "anotacoes": ""}}, {"pk": 224, "model": "caixa.dia", "fields": {"dia_da_semana": 4, "data": "2012-10-05", "anotacoes": ""}}, {"pk": 225, "model": "caixa.dia", "fields": {"dia_da_semana": 5, "data": "2012-10-06", "anotacoes": ""}}, {"pk": 226, "model": "caixa.dia", "fields": {"dia_da_semana": 6, "data": "2012-10-07", "anotacoes": ""}}, {"pk": 227, "model": "caixa.dia", "fields": {"dia_da_semana": 4, "data": "2012-10-12", "anotacoes": ""}}, {"pk": 228, "model": "caixa.dia", "fields": {"dia_da_semana": 5, "data": "2012-10-13", "anotacoes": ""}}, {"pk": 229, "model": "caixa.dia", "fields": {"dia_da_semana": 6, "data": "2012-10-14", "anotacoes": ""}}, {"pk": 230, "model": "caixa.dia", "fields": {"dia_da_semana": 4, "data": "2012-10-19", "anotacoes": ""}}, {"pk": 231, "model": "caixa.dia", "fields": {"dia_da_semana": 5, "data": "2012-10-20", "anotacoes": ""}}, {"pk": 232, "model": "caixa.dia", "fields": {"dia_da_semana": 6, "data": "2012-10-21", "anotacoes": ""}}, {"pk": 233, "model": "caixa.dia", "fields": {"dia_da_semana": 4, "data": "2012-10-26", "anotacoes": ""}}, {"pk": 234, "model": "caixa.dia", "fields": {"dia_da_semana": 5, "data": "2012-10-27", "anotacoes": ""}}, {"pk": 235, "model": "caixa.dia", "fields": {"dia_da_semana": 6, "data": "2012-10-28", "anotacoes": ""}}, {"pk": 236, "model": "caixa.dia", "fields": {"dia_da_semana": 3, "data": "2012-11-01", "anotacoes": ""}}, {"pk": 237, "model": "caixa.dia", "fields": {"dia_da_semana": 4, "data": "2012-11-02", "anotacoes": ""}}, {"pk": 238, "model": "caixa.dia", "fields": {"dia_da_semana": 5, "data": "2012-11-03", "anotacoes": ""}}, {"pk": 239, "model": "caixa.dia", "fields": {"dia_da_semana": 6, "data": "2012-11-04", "anotacoes": ""}}, {"pk": 240, "model": "caixa.dia", "fields": {"dia_da_semana": 4, "data": "2012-11-09", "anotacoes": ""}}, {"pk": 241, "model": "caixa.dia", "fields": {"dia_da_semana": 5, "data": "2012-11-10", "anotacoes": ""}}, {"pk": 242, "model": "caixa.dia", "fields": {"dia_da_semana": 6, "data": "2012-11-11", "anotacoes": ""}}, {"pk": 243, "model": "caixa.dia", "fields": {"dia_da_semana": 3, "data": "2012-11-15", "anotacoes": ""}}, {"pk": 244, "model": "caixa.dia", "fields": {"dia_da_semana": 4, "data": "2012-11-16", "anotacoes": ""}}, {"pk": 245, "model": "caixa.dia", "fields": {"dia_da_semana": 5, "data": "2012-11-17", "anotacoes": ""}}, {"pk": 246, "model": "caixa.dia", "fields": {"dia_da_semana": 6, "data": "2012-11-18", "anotacoes": ""}}, {"pk": 247, "model": "caixa.dia", "fields": {"dia_da_semana": 0, "data": "2012-11-19", "anotacoes": ""}}, {"pk": 248, "model": "caixa.dia", "fields": {"dia_da_semana": 4, "data": "2012-11-23", "anotacoes": ""}}, {"pk": 249, "model": "caixa.dia", "fields": {"dia_da_semana": 5, "data": "2012-11-24", "anotacoes": ""}}, {"pk": 250, "model": "caixa.dia", "fields": {"dia_da_semana": 6, "data": "2012-11-25", "anotacoes": ""}}, {"pk": 251, "model": "caixa.dia", "fields": {"dia_da_semana": 4, "data": "2012-11-30", "anotacoes": ""}}, {"pk": 252, "model": "caixa.dia", "fields": {"dia_da_semana": 5, "data": "2012-12-01", "anotacoes": ""}}, {"pk": 253, "model": "caixa.dia", "fields": {"dia_da_semana": 4, "data": "2012-12-07", "anotacoes": ""}}, {"pk": 254, "model": "caixa.dia", "fields": {"dia_da_semana": 5, "data": "2012-12-08", "anotacoes": ""}}, {"pk": 255, "model": "caixa.dia", "fields": {"dia_da_semana": 6, "data": "2012-12-02", "anotacoes": ""}}, {"pk": 256, "model": "caixa.dia", "fields": {"dia_da_semana": 6, "data": "2012-12-09", "anotacoes": ""}}, {"pk": 1, "model": "caixa.bandeira", "fields": {"categoria": "C", "nome": "Visa Cr\u00e9dito", "taxa": "0.033", "ativa": true, "contagem_de_dias": "C", "prazo_de_deposito": 31}}, {"pk": 2, "model": "caixa.bandeira", "fields": {"categoria": "D", "nome": "Visa D\u00e9bito", "taxa": "0.02", "ativa": true, "contagem_de_dias": "U", "prazo_de_deposito": 2}}, {"pk": 3, "model": "caixa.bandeira", "fields": {"categoria": "C", "nome": "Mastercard Cr\u00e9dito", "taxa": "0.033", "ativa": true, "contagem_de_dias": "C", "prazo_de_deposito": 31}}, {"pk": 4, "model": "caixa.bandeira", "fields": {"categoria": "D", "nome": "Mastercard D\u00e9bito", "taxa": "0.02", "ativa": true, "contagem_de_dias": "U", "prazo_de_deposito": 2}}, {"pk": 5, "model": "caixa.bandeira", "fields": {"categoria": "C", "nome": "Diners Cr\u00e9dito", "taxa": "0.033", "ativa": true, "contagem_de_dias": "C", "prazo_de_deposito": 31}}, {"pk": 6, "model": "caixa.bandeira", "fields": {"categoria": "D", "nome": "Diners D\u00e9bito", "taxa": "0.02", "ativa": true, "contagem_de_dias": "U", "prazo_de_deposito": 2}}, {"pk": 1, "model": "caixa.pagamentocomcartao", "fields": {"venda": 1, "bandeira": 4, "data_do_deposito": null, "valor": "124.3"}}, {"pk": 2, "model": "caixa.pagamentocomcartao", "fields": {"venda": 4, "bandeira": 3, "data_do_deposito": null, "valor": "106.7"}}, {"pk": 3, "model": "caixa.pagamentocomcartao", "fields": {"venda": 6, "bandeira": 3, "data_do_deposito": null, "valor": "69.3"}}, {"pk": 4, "model": "caixa.pagamentocomcartao", "fields": {"venda": 7, "bandeira": 3, "data_do_deposito": null, "valor": "83.6"}}, {"pk": 5, "model": "caixa.pagamentocomcartao", "fields": {"venda": 8, "bandeira": 3, "data_do_deposito": null, "valor": "19.8"}}, {"pk": 6, "model": "caixa.pagamentocomcartao", "fields": {"venda": 9, "bandeira": 1, "data_do_deposito": null, "valor": "35.2"}}, {"pk": 7, "model": "caixa.pagamentocomcartao", "fields": {"venda": 10, "bandeira": 2, "data_do_deposito": null, "valor": "55"}}, {"pk": 8, "model": "caixa.pagamentocomcartao", "fields": {"venda": 11, "bandeira": 1, "data_do_deposito": null, "valor": "218.35"}}, {"pk": 9, "model": "caixa.pagamentocomcartao", "fields": {"venda": 12, "bandeira": 1, "data_do_deposito": null, "valor": "212"}}, {"pk": 10, "model": "caixa.pagamentocomcartao", "fields": {"venda": 12, "bandeira": 2, "data_do_deposito": null, "valor": "107"}}, {"pk": 11, "model": "caixa.pagamentocomcartao", "fields": {"venda": 13, "bandeira": 2, "data_do_deposito": null, "valor": "136.4"}}, {"pk": 12, "model": "caixa.pagamentocomcartao", "fields": {"venda": 14, "bandeira": 3, "data_do_deposito": null, "valor": "127.6"}}, {"pk": 13, "model": "caixa.pagamentocomcartao", "fields": {"venda": 19, "bandeira": 2, "data_do_deposito": null, "valor": "133.1"}}, {"pk": 14, "model": "caixa.pagamentocomcartao", "fields": {"venda": 20, "bandeira": 1, "data_do_deposito": null, "valor": "94.6"}}, {"pk": 15, "model": "caixa.pagamentocomcartao", "fields": {"venda": 20, "bandeira": 3, "data_do_deposito": null, "valor": "94.6"}}, {"pk": 16, "model": "caixa.pagamentocomcartao", "fields": {"venda": 22, "bandeira": 3, "data_do_deposito": null, "valor": "105.6"}}, {"pk": 17, "model": "caixa.pagamentocomcartao", "fields": {"venda": 23, "bandeira": 1, "data_do_deposito": null, "valor": "60.5"}}, {"pk": 18, "model": "caixa.pagamentocomcartao", "fields": {"venda": 24, "bandeira": 3, "data_do_deposito": null, "valor": "172.7"}}, {"pk": 19, "model": "caixa.pagamentocomcartao", "fields": {"venda": 25, "bandeira": 1, "data_do_deposito": null, "valor": "42.9"}}, {"pk": 20, "model": "caixa.pagamentocomcartao", "fields": {"venda": 26, "bandeira": 4, "data_do_deposito": null, "valor": "126.5"}}, {"pk": 21, "model": "caixa.pagamentocomcartao", "fields": {"venda": 28, "bandeira": 2, "data_do_deposito": null, "valor": "75.9"}}, {"pk": 22, "model": "caixa.pagamentocomcartao", "fields": {"venda": 29, "bandeira": 1, "data_do_deposito": null, "valor": "81.4"}}, {"pk": 23, "model": "caixa.pagamentocomcartao", "fields": {"venda": 30, "bandeira": 1, "data_do_deposito": null, "valor": "173.1"}}, {"pk": 24, "model": "caixa.pagamentocomcartao", "fields": {"venda": 31, "bandeira": 3, "data_do_deposito": null, "valor": "136"}}, {"pk": 25, "model": "caixa.pagamentocomcartao", "fields": {"venda": 31, "bandeira": 1, "data_do_deposito": null, "valor": "68"}}, {"pk": 26, "model": "caixa.pagamentocomcartao", "fields": {"venda": 32, "bandeira": 2, "data_do_deposito": null, "valor": "162.8"}}, {"pk": 27, "model": "caixa.pagamentocomcartao", "fields": {"venda": 33, "bandeira": 2, "data_do_deposito": null, "valor": "53.9"}}, {"pk": 28, "model": "caixa.pagamentocomcartao", "fields": {"venda": 34, "bandeira": 1, "data_do_deposito": null, "valor": "97.9"}}, {"pk": 29, "model": "caixa.pagamentocomcartao", "fields": {"venda": 35, "bandeira": 4, "data_do_deposito": null, "valor": "57.2"}}, {"pk": 30, "model": "caixa.pagamentocomcartao", "fields": {"venda": 36, "bandeira": 1, "data_do_deposito": null, "valor": "84.7"}}, {"pk": 31, "model": "caixa.pagamentocomcartao", "fields": {"venda": 37, "bandeira": 2, "data_do_deposito": null, "valor": "40.7"}}, {"pk": 32, "model": "caixa.pagamentocomcartao", "fields": {"venda": 38, "bandeira": 4, "data_do_deposito": null, "valor": "55.5"}}, {"pk": 33, "model": "caixa.pagamentocomcartao", "fields": {"venda": 38, "bandeira": 1, "data_do_deposito": null, "valor": "55.5"}}, {"pk": 34, "model": "caixa.pagamentocomcartao", "fields": {"venda": 39, "bandeira": 4, "data_do_deposito": null, "valor": "81.4"}}, {"pk": 35, "model": "caixa.pagamentocomcartao", "fields": {"venda": 40, "bandeira": 4, "data_do_deposito": null, "valor": "130.9"}}, {"pk": 36, "model": "caixa.pagamentocomcartao", "fields": {"venda": 41, "bandeira": 1, "data_do_deposito": null, "valor": "95.7"}}, {"pk": 37, "model": "caixa.pagamentocomcartao", "fields": {"venda": 42, "bandeira": 4, "data_do_deposito": null, "valor": "96.8"}}, {"pk": 38, "model": "caixa.pagamentocomcartao", "fields": {"venda": 43, "bandeira": 2, "data_do_deposito": null, "valor": "103.7"}}, {"pk": 39, "model": "caixa.pagamentocomcartao", "fields": {"venda": 44, "bandeira": 1, "data_do_deposito": null, "valor": "40.7"}}, {"pk": 40, "model": "caixa.pagamentocomcartao", "fields": {"venda": 45, "bandeira": 3, "data_do_deposito": null, "valor": "172.7"}}, {"pk": 41, "model": "caixa.pagamentocomcartao", "fields": {"venda": 46, "bandeira": 2, "data_do_deposito": null, "valor": "89"}}, {"pk": 42, "model": "caixa.pagamentocomcartao", "fields": {"venda": 46, "bandeira": 1, "data_do_deposito": null, "valor": "89"}}, {"pk": 43, "model": "caixa.pagamentocomcartao", "fields": {"venda": 47, "bandeira": 3, "data_do_deposito": null, "valor": "201.3"}}, {"pk": 44, "model": "caixa.pagamentocomcartao", "fields": {"venda": 48, "bandeira": 2, "data_do_deposito": null, "valor": "106"}}, {"pk": 45, "model": "caixa.pagamentocomcartao", "fields": {"venda": 48, "bandeira": 3, "data_do_deposito": null, "valor": "106"}}, {"pk": 46, "model": "caixa.pagamentocomcartao", "fields": {"venda": 49, "bandeira": 3, "data_do_deposito": null, "valor": "70.4"}}, {"pk": 47, "model": "caixa.pagamentocomcartao", "fields": {"venda": 64, "bandeira": 1, "data_do_deposito": null, "valor": "77"}}, {"pk": 48, "model": "caixa.pagamentocomcartao", "fields": {"venda": 65, "bandeira": 4, "data_do_deposito": null, "valor": "44"}}, {"pk": 49, "model": "caixa.pagamentocomcartao", "fields": {"venda": 66, "bandeira": 1, "data_do_deposito": null, "valor": "46.2"}}, {"pk": 50, "model": "caixa.pagamentocomcartao", "fields": {"venda": 67, "bandeira": 1, "data_do_deposito": null, "valor": "139.7"}}, {"pk": 51, "model": "caixa.pagamentocomcartao", "fields": {"venda": 68, "bandeira": 2, "data_do_deposito": null, "valor": "89.1"}}, {"pk": 52, "model": "caixa.pagamentocomcartao", "fields": {"venda": 69, "bandeira": 4, "data_do_deposito": null, "valor": "52.8"}}, {"pk": 53, "model": "caixa.pagamentocomcartao", "fields": {"venda": 70, "bandeira": 1, "data_do_deposito": null, "valor": "64.9"}}, {"pk": 54, "model": "caixa.pagamentocomcartao", "fields": {"venda": 71, "bandeira": 1, "data_do_deposito": null, "valor": "39.6"}}, {"pk": 55, "model": "caixa.pagamentocomcartao", "fields": {"venda": 72, "bandeira": 1, "data_do_deposito": null, "valor": "180"}}, {"pk": 56, "model": "caixa.pagamentocomcartao", "fields": {"venda": 73, "bandeira": 4, "data_do_deposito": null, "valor": "182.6"}}, {"pk": 57, "model": "caixa.pagamentocomcartao", "fields": {"venda": 74, "bandeira": 1, "data_do_deposito": null, "valor": "89.1"}}, {"pk": 58, "model": "caixa.pagamentocomcartao", "fields": {"venda": 76, "bandeira": 1, "data_do_deposito": null, "valor": "246"}}, {"pk": 59, "model": "caixa.pagamentocomcartao", "fields": {"venda": 76, "bandeira": 4, "data_do_deposito": null, "valor": "50"}}, {"pk": 60, "model": "caixa.pagamentocomcartao", "fields": {"venda": 77, "bandeira": 1, "data_do_deposito": null, "valor": "72.6"}}, {"pk": 61, "model": "caixa.pagamentocomcartao", "fields": {"venda": 78, "bandeira": 3, "data_do_deposito": null, "valor": "162.8"}}, {"pk": 62, "model": "caixa.pagamentocomcartao", "fields": {"venda": 79, "bandeira": 2, "data_do_deposito": null, "valor": "139.7"}}, {"pk": 63, "model": "caixa.pagamentocomcartao", "fields": {"venda": 81, "bandeira": 1, "data_do_deposito": null, "valor": "112.75"}}, {"pk": 64, "model": "caixa.pagamentocomcartao", "fields": {"venda": 82, "bandeira": 3, "data_do_deposito": null, "valor": "147.4"}}, {"pk": 65, "model": "caixa.pagamentocomcartao", "fields": {"venda": 84, "bandeira": 4, "data_do_deposito": null, "valor": "144.1"}}, {"pk": 66, "model": "caixa.pagamentocomcartao", "fields": {"venda": 85, "bandeira": 1, "data_do_deposito": null, "valor": "57"}}, {"pk": 67, "model": "caixa.pagamentocomcartao", "fields": {"venda": 88, "bandeira": 2, "data_do_deposito": null, "valor": "62.7"}}, {"pk": 68, "model": "caixa.pagamentocomcartao", "fields": {"venda": 91, "bandeira": 3, "data_do_deposito": null, "valor": "138.6"}}, {"pk": 69, "model": "caixa.pagamentocomcartao", "fields": {"venda": 92, "bandeira": 1, "data_do_deposito": null, "valor": "92.4"}}, {"pk": 70, "model": "caixa.pagamentocomcartao", "fields": {"venda": 94, "bandeira": 1, "data_do_deposito": null, "valor": "94.6"}}, {"pk": 71, "model": "caixa.pagamentocomcartao", "fields": {"venda": 97, "bandeira": 1, "data_do_deposito": null, "valor": "159.5"}}, {"pk": 72, "model": "caixa.pagamentocomcartao", "fields": {"venda": 98, "bandeira": 1, "data_do_deposito": null, "valor": "114.4"}}, {"pk": 73, "model": "caixa.pagamentocomcartao", "fields": {"venda": 101, "bandeira": 3, "data_do_deposito": null, "valor": "113.3"}}, {"pk": 74, "model": "caixa.pagamentocomcartao", "fields": {"venda": 102, "bandeira": 1, "data_do_deposito": null, "valor": "72.6"}}, {"pk": 77, "model": "caixa.pagamentocomcartao", "fields": {"venda": 103, "bandeira": 1, "data_do_deposito": null, "valor": "210"}}, {"pk": 78, "model": "caixa.pagamentocomcartao", "fields": {"venda": 103, "bandeira": 3, "data_do_deposito": null, "valor": "70"}}, {"pk": 79, "model": "caixa.pagamentocomcartao", "fields": {"venda": 104, "bandeira": 3, "data_do_deposito": null, "valor": "124.3"}}, {"pk": 80, "model": "caixa.pagamentocomcartao", "fields": {"venda": 105, "bandeira": 2, "data_do_deposito": null, "valor": "146.85"}}, {"pk": 81, "model": "caixa.pagamentocomcartao", "fields": {"venda": 106, "bandeira": 1, "data_do_deposito": null, "valor": "137.5"}}, {"pk": 82, "model": "caixa.pagamentocomcartao", "fields": {"venda": 107, "bandeira": 3, "data_do_deposito": null, "valor": "117.7"}}, {"pk": 83, "model": "caixa.pagamentocomcartao", "fields": {"venda": 109, "bandeira": 4, "data_do_deposito": null, "valor": "157.9"}}, {"pk": 84, "model": "caixa.pagamentocomcartao", "fields": {"venda": 110, "bandeira": 1, "data_do_deposito": null, "valor": "179.85"}}, {"pk": 85, "model": "caixa.pagamentocomcartao", "fields": {"venda": 111, "bandeira": 3, "data_do_deposito": null, "valor": "103.4"}}, {"pk": 86, "model": "caixa.pagamentocomcartao", "fields": {"venda": 112, "bandeira": 4, "data_do_deposito": null, "valor": "99"}}, {"pk": 87, "model": "caixa.pagamentocomcartao", "fields": {"venda": 113, "bandeira": 2, "data_do_deposito": null, "valor": "28.6"}}, {"pk": 88, "model": "caixa.pagamentocomcartao", "fields": {"venda": 114, "bandeira": 4, "data_do_deposito": null, "valor": "64"}}, {"pk": 89, "model": "caixa.pagamentocomcartao", "fields": {"venda": 116, "bandeira": 1, "data_do_deposito": null, "valor": "52.8"}}, {"pk": 90, "model": "caixa.pagamentocomcartao", "fields": {"venda": 117, "bandeira": 1, "data_do_deposito": null, "valor": "79.2"}}, {"pk": 91, "model": "caixa.pagamentocomcartao", "fields": {"venda": 119, "bandeira": 4, "data_do_deposito": null, "valor": "63.8"}}, {"pk": 92, "model": "caixa.pagamentocomcartao", "fields": {"venda": 120, "bandeira": 4, "data_do_deposito": null, "valor": "118.8"}}, {"pk": 93, "model": "caixa.pagamentocomcartao", "fields": {"venda": 123, "bandeira": 3, "data_do_deposito": null, "valor": "84.6"}}, {"pk": 94, "model": "caixa.pagamentocomcartao", "fields": {"venda": 125, "bandeira": 1, "data_do_deposito": null, "valor": "83.05"}}, {"pk": 95, "model": "caixa.pagamentocomcartao", "fields": {"venda": 127, "bandeira": 4, "data_do_deposito": null, "valor": "79.2"}}, {"pk": 96, "model": "caixa.pagamentocomcartao", "fields": {"venda": 128, "bandeira": 1, "data_do_deposito": null, "valor": "182.6"}}, {"pk": 97, "model": "caixa.pagamentocomcartao", "fields": {"venda": 129, "bandeira": 3, "data_do_deposito": null, "valor": "22"}}, {"pk": 98, "model": "caixa.pagamentocomcartao", "fields": {"venda": 130, "bandeira": 4, "data_do_deposito": null, "valor": "106.7"}}, {"pk": 99, "model": "caixa.pagamentocomcartao", "fields": {"venda": 131, "bandeira": 4, "data_do_deposito": null, "valor": "93.5"}}, {"pk": 100, "model": "caixa.pagamentocomcartao", "fields": {"venda": 132, "bandeira": 4, "data_do_deposito": null, "valor": "243.1"}}, {"pk": 101, "model": "caixa.pagamentocomcartao", "fields": {"venda": 133, "bandeira": 4, "data_do_deposito": null, "valor": "54"}}, {"pk": 102, "model": "caixa.pagamentocomcartao", "fields": {"venda": 134, "bandeira": 2, "data_do_deposito": null, "valor": "20.35"}}, {"pk": 103, "model": "caixa.pagamentocomcartao", "fields": {"venda": 135, "bandeira": 1, "data_do_deposito": null, "valor": "63.8"}}, {"pk": 104, "model": "caixa.pagamentocomcartao", "fields": {"venda": 136, "bandeira": 1, "data_do_deposito": null, "valor": "86.9"}}, {"pk": 105, "model": "caixa.pagamentocomcartao", "fields": {"venda": 137, "bandeira": 3, "data_do_deposito": null, "valor": "79.2"}}, {"pk": 106, "model": "caixa.pagamentocomcartao", "fields": {"venda": 138, "bandeira": 3, "data_do_deposito": null, "valor": "101.2"}}, {"pk": 107, "model": "caixa.pagamentocomcartao", "fields": {"venda": 139, "bandeira": 1, "data_do_deposito": null, "valor": "62.15"}}, {"pk": 108, "model": "caixa.pagamentocomcartao", "fields": {"venda": 140, "bandeira": 1, "data_do_deposito": null, "valor": "76"}}, {"pk": 109, "model": "caixa.pagamentocomcartao", "fields": {"venda": 141, "bandeira": 1, "data_do_deposito": null, "valor": "28.05"}}, {"pk": 110, "model": "caixa.pagamentocomcartao", "fields": {"venda": 143, "bandeira": 3, "data_do_deposito": null, "valor": "45.1"}}, {"pk": 111, "model": "caixa.pagamentocomcartao", "fields": {"venda": 145, "bandeira": 3, "data_do_deposito": null, "valor": "85.8"}}, {"pk": 112, "model": "caixa.pagamentocomcartao", "fields": {"venda": 147, "bandeira": 2, "data_do_deposito": null, "valor": "87.45"}}, {"pk": 113, "model": "caixa.pagamentocomcartao", "fields": {"venda": 149, "bandeira": 1, "data_do_deposito": null, "valor": "39.6"}}, {"pk": 114, "model": "caixa.pagamentocomcartao", "fields": {"venda": 150, "bandeira": 1, "data_do_deposito": null, "valor": "106.7"}}, {"pk": 115, "model": "caixa.pagamentocomcartao", "fields": {"venda": 151, "bandeira": 4, "data_do_deposito": null, "valor": "34.65"}}, {"pk": 116, "model": "caixa.pagamentocomcartao", "fields": {"venda": 153, "bandeira": 2, "data_do_deposito": null, "valor": "45.1"}}, {"pk": 117, "model": "caixa.pagamentocomcartao", "fields": {"venda": 155, "bandeira": 1, "data_do_deposito": null, "valor": "187"}}, {"pk": 118, "model": "caixa.pagamentocomcartao", "fields": {"venda": 156, "bandeira": 3, "data_do_deposito": null, "valor": "75.9"}}, {"pk": 119, "model": "caixa.pagamentocomcartao", "fields": {"venda": 157, "bandeira": 1, "data_do_deposito": null, "valor": "140.8"}}, {"pk": 120, "model": "caixa.pagamentocomcartao", "fields": {"venda": 158, "bandeira": 2, "data_do_deposito": null, "valor": "185.9"}}, {"pk": 121, "model": "caixa.pagamentocomcartao", "fields": {"venda": 159, "bandeira": 4, "data_do_deposito": null, "valor": "88.2"}}, {"pk": 122, "model": "caixa.pagamentocomcartao", "fields": {"venda": 161, "bandeira": 1, "data_do_deposito": null, "valor": "109.45"}}, {"pk": 123, "model": "caixa.pagamentocomcartao", "fields": {"venda": 162, "bandeira": 4, "data_do_deposito": null, "valor": "76"}}, {"pk": 125, "model": "caixa.pagamentocomcartao", "fields": {"venda": 162, "bandeira": 2, "data_do_deposito": null, "valor": "82"}}, {"pk": 126, "model": "caixa.pagamentocomcartao", "fields": {"venda": 163, "bandeira": 4, "data_do_deposito": null, "valor": "112.75"}}, {"pk": 127, "model": "caixa.pagamentocomcartao", "fields": {"venda": 164, "bandeira": 1, "data_do_deposito": null, "valor": "107"}}, {"pk": 128, "model": "caixa.pagamentocomcartao", "fields": {"venda": 165, "bandeira": 1, "data_do_deposito": null, "valor": "65"}}, {"pk": 129, "model": "caixa.pagamentocomcartao", "fields": {"venda": 168, "bandeira": 2, "data_do_deposito": null, "valor": "37.4"}}, {"pk": 130, "model": "caixa.pagamentocomcartao", "fields": {"venda": 170, "bandeira": 2, "data_do_deposito": null, "valor": "128.7"}}, {"pk": 131, "model": "caixa.pagamentocomcartao", "fields": {"venda": 171, "bandeira": 1, "data_do_deposito": null, "valor": "99"}}, {"pk": 132, "model": "caixa.pagamentocomcartao", "fields": {"venda": 175, "bandeira": 2, "data_do_deposito": null, "valor": "203.5"}}, {"pk": 133, "model": "caixa.pagamentocomcartao", "fields": {"venda": 176, "bandeira": 3, "data_do_deposito": null, "valor": "62.7"}}, {"pk": 134, "model": "caixa.pagamentocomcartao", "fields": {"venda": 177, "bandeira": 2, "data_do_deposito": null, "valor": "152.9"}}, {"pk": 135, "model": "caixa.pagamentocomcartao", "fields": {"venda": 179, "bandeira": 2, "data_do_deposito": null, "valor": "71.5"}}, {"pk": 136, "model": "caixa.pagamentocomcartao", "fields": {"venda": 180, "bandeira": 3, "data_do_deposito": null, "valor": "80"}}, {"pk": 137, "model": "caixa.pagamentocomcartao", "fields": {"venda": 181, "bandeira": 3, "data_do_deposito": null, "valor": "53.9"}}, {"pk": 138, "model": "caixa.pagamentocomcartao", "fields": {"venda": 182, "bandeira": 1, "data_do_deposito": null, "valor": "112.75"}}, {"pk": 139, "model": "caixa.pagamentocomcartao", "fields": {"venda": 185, "bandeira": 3, "data_do_deposito": null, "valor": "62.7"}}, {"pk": 141, "model": "caixa.pagamentocomcartao", "fields": {"venda": 186, "bandeira": 4, "data_do_deposito": null, "valor": "63"}}, {"pk": 142, "model": "caixa.pagamentocomcartao", "fields": {"venda": 186, "bandeira": 3, "data_do_deposito": null, "valor": "108"}}, {"pk": 143, "model": "caixa.pagamentocomcartao", "fields": {"venda": 189, "bandeira": 3, "data_do_deposito": null, "valor": "50"}}, {"pk": 144, "model": "caixa.pagamentocomcartao", "fields": {"venda": 190, "bandeira": 3, "data_do_deposito": null, "valor": "90"}}, {"pk": 145, "model": "caixa.pagamentocomcartao", "fields": {"venda": 191, "bandeira": 4, "data_do_deposito": null, "valor": "116"}}, {"pk": 146, "model": "caixa.pagamentocomcartao", "fields": {"venda": 192, "bandeira": 2, "data_do_deposito": null, "valor": "41"}}, {"pk": 147, "model": "caixa.pagamentocomcartao", "fields": {"venda": 192, "bandeira": 1, "data_do_deposito": null, "valor": "21"}}, {"pk": 148, "model": "caixa.pagamentocomcartao", "fields": {"venda": 194, "bandeira": 1, "data_do_deposito": null, "valor": "67.1"}}, {"pk": 149, "model": "caixa.pagamentocomcartao", "fields": {"venda": 198, "bandeira": 2, "data_do_deposito": null, "valor": "140"}}, {"pk": 150, "model": "caixa.pagamentocomcartao", "fields": {"venda": 202, "bandeira": 3, "data_do_deposito": null, "valor": "118.8"}}, {"pk": 151, "model": "caixa.pagamentocomcartao", "fields": {"venda": 203, "bandeira": 3, "data_do_deposito": null, "valor": "111.1"}}, {"pk": 152, "model": "caixa.pagamentocomcartao", "fields": {"venda": 204, "bandeira": 3, "data_do_deposito": null, "valor": "136.95"}}, {"pk": 153, "model": "caixa.pagamentocomcartao", "fields": {"venda": 205, "bandeira": 1, "data_do_deposito": null, "valor": "52.25"}}, {"pk": 154, "model": "caixa.pagamentocomcartao", "fields": {"venda": 206, "bandeira": 2, "data_do_deposito": null, "valor": "37.4"}}, {"pk": 155, "model": "caixa.pagamentocomcartao", "fields": {"venda": 208, "bandeira": 2, "data_do_deposito": null, "valor": "99"}}, {"pk": 156, "model": "caixa.pagamentocomcartao", "fields": {"venda": 210, "bandeira": 2, "data_do_deposito": null, "valor": "77"}}, {"pk": 157, "model": "caixa.pagamentocomcartao", "fields": {"venda": 211, "bandeira": 2, "data_do_deposito": null, "valor": "96.25"}}, {"pk": 158, "model": "caixa.pagamentocomcartao", "fields": {"venda": 212, "bandeira": 2, "data_do_deposito": null, "valor": "41"}}, {"pk": 159, "model": "caixa.pagamentocomcartao", "fields": {"venda": 212, "bandeira": 1, "data_do_deposito": null, "valor": "82"}}, {"pk": 160, "model": "caixa.pagamentocomcartao", "fields": {"venda": 213, "bandeira": 3, "data_do_deposito": null, "valor": "238.7"}}, {"pk": 161, "model": "caixa.pagamentocomcartao", "fields": {"venda": 217, "bandeira": 1, "data_do_deposito": null, "valor": "38.5"}}, {"pk": 162, "model": "caixa.pagamentocomcartao", "fields": {"venda": 218, "bandeira": 4, "data_do_deposito": null, "valor": "162.8"}}, {"pk": 163, "model": "caixa.pagamentocomcartao", "fields": {"venda": 219, "bandeira": 1, "data_do_deposito": null, "valor": "64.3"}}, {"pk": 164, "model": "caixa.pagamentocomcartao", "fields": {"venda": 219, "bandeira": 2, "data_do_deposito": null, "valor": "82"}}, {"pk": 165, "model": "caixa.pagamentocomcartao", "fields": {"venda": 221, "bandeira": 1, "data_do_deposito": null, "valor": "50"}}, {"pk": 166, "model": "caixa.pagamentocomcartao", "fields": {"venda": 222, "bandeira": 2, "data_do_deposito": null, "valor": "85.3"}}, {"pk": 167, "model": "caixa.pagamentocomcartao", "fields": {"venda": 226, "bandeira": 1, "data_do_deposito": null, "valor": "44.9"}}, {"pk": 168, "model": "caixa.pagamentocomcartao", "fields": {"venda": 228, "bandeira": 1, "data_do_deposito": null, "valor": "20"}}, {"pk": 169, "model": "caixa.pagamentocomcartao", "fields": {"venda": 229, "bandeira": 3, "data_do_deposito": null, "valor": "38.5"}}, {"pk": 170, "model": "caixa.pagamentocomcartao", "fields": {"venda": 230, "bandeira": 1, "data_do_deposito": null, "valor": "147.4"}}, {"pk": 171, "model": "caixa.pagamentocomcartao", "fields": {"venda": 231, "bandeira": 4, "data_do_deposito": null, "valor": "91"}}, {"pk": 172, "model": "caixa.pagamentocomcartao", "fields": {"venda": 232, "bandeira": 2, "data_do_deposito": null, "valor": "179.3"}}, {"pk": 173, "model": "caixa.pagamentocomcartao", "fields": {"venda": 233, "bandeira": 3, "data_do_deposito": null, "valor": "216.7"}}, {"pk": 174, "model": "caixa.pagamentocomcartao", "fields": {"venda": 234, "bandeira": 3, "data_do_deposito": null, "valor": "101.2"}}, {"pk": 175, "model": "caixa.pagamentocomcartao", "fields": {"venda": 238, "bandeira": 4, "data_do_deposito": null, "valor": "39.5"}}, {"pk": 176, "model": "caixa.pagamentocomcartao", "fields": {"venda": 238, "bandeira": 2, "data_do_deposito": null, "valor": "39.5"}}, {"pk": 177, "model": "caixa.pagamentocomcartao", "fields": {"venda": 240, "bandeira": 1, "data_do_deposito": null, "valor": "33"}}, {"pk": 178, "model": "caixa.pagamentocomcartao", "fields": {"venda": 240, "bandeira": 3, "data_do_deposito": null, "valor": "30"}}, {"pk": 179, "model": "caixa.pagamentocomcartao", "fields": {"venda": 240, "bandeira": 4, "data_do_deposito": null, "valor": "30"}}, {"pk": 180, "model": "caixa.pagamentocomcartao", "fields": {"venda": 243, "bandeira": 3, "data_do_deposito": null, "valor": "42.9"}}, {"pk": 181, "model": "caixa.pagamentocomcartao", "fields": {"venda": 245, "bandeira": 1, "data_do_deposito": null, "valor": "77.55"}}, {"pk": 182, "model": "caixa.pagamentocomcartao", "fields": {"venda": 246, "bandeira": 1, "data_do_deposito": null, "valor": "130.9"}}, {"pk": 183, "model": "caixa.pagamentocomcartao", "fields": {"venda": 247, "bandeira": 1, "data_do_deposito": null, "valor": "144.65"}}, {"pk": 184, "model": "caixa.pagamentocomcartao", "fields": {"venda": 249, "bandeira": 1, "data_do_deposito": null, "valor": "23.1"}}, {"pk": 185, "model": "caixa.pagamentocomcartao", "fields": {"venda": 251, "bandeira": 3, "data_do_deposito": null, "valor": "80.3"}}, {"pk": 186, "model": "caixa.pagamentocomcartao", "fields": {"venda": 252, "bandeira": 2, "data_do_deposito": null, "valor": "70.95"}}, {"pk": 187, "model": "caixa.pagamentocomcartao", "fields": {"venda": 255, "bandeira": 3, "data_do_deposito": null, "valor": "39"}}, {"pk": 188, "model": "caixa.pagamentocomcartao", "fields": {"venda": 256, "bandeira": 2, "data_do_deposito": null, "valor": "43.45"}}, {"pk": 189, "model": "caixa.pagamentocomcartao", "fields": {"venda": 256, "bandeira": 4, "data_do_deposito": null, "valor": "43.45"}}, {"pk": 190, "model": "caixa.pagamentocomcartao", "fields": {"venda": 257, "bandeira": 3, "data_do_deposito": null, "valor": "110"}}, {"pk": 191, "model": "caixa.pagamentocomcartao", "fields": {"venda": 258, "bandeira": 2, "data_do_deposito": null, "valor": "127.6"}}, {"pk": 192, "model": "caixa.pagamentocomcartao", "fields": {"venda": 259, "bandeira": 3, "data_do_deposito": null, "valor": "36.3"}}, {"pk": 193, "model": "caixa.pagamentocomcartao", "fields": {"venda": 263, "bandeira": 2, "data_do_deposito": null, "valor": "168.3"}}, {"pk": 194, "model": "caixa.pagamentocomcartao", "fields": {"venda": 264, "bandeira": 1, "data_do_deposito": null, "valor": "121"}}, {"pk": 195, "model": "caixa.pagamentocomcartao", "fields": {"venda": 265, "bandeira": 3, "data_do_deposito": null, "valor": "122.1"}}, {"pk": 196, "model": "caixa.pagamentocomcartao", "fields": {"venda": 266, "bandeira": 4, "data_do_deposito": null, "valor": "75.9"}}, {"pk": 197, "model": "caixa.pagamentocomcartao", "fields": {"venda": 269, "bandeira": 4, "data_do_deposito": null, "valor": "146.3"}}, {"pk": 198, "model": "caixa.pagamentocomcartao", "fields": {"venda": 270, "bandeira": 2, "data_do_deposito": null, "valor": "64.9"}}, {"pk": 199, "model": "caixa.pagamentocomcartao", "fields": {"venda": 272, "bandeira": 4, "data_do_deposito": null, "valor": "42.9"}}, {"pk": 200, "model": "caixa.pagamentocomcartao", "fields": {"venda": 273, "bandeira": 4, "data_do_deposito": null, "valor": "99"}}, {"pk": 201, "model": "caixa.pagamentocomcartao", "fields": {"venda": 274, "bandeira": 1, "data_do_deposito": null, "valor": "75"}}, {"pk": 202, "model": "caixa.pagamentocomcartao", "fields": {"venda": 275, "bandeira": 1, "data_do_deposito": null, "valor": "80"}}, {"pk": 203, "model": "caixa.pagamentocomcartao", "fields": {"venda": 278, "bandeira": 4, "data_do_deposito": null, "valor": "82.3"}}, {"pk": 204, "model": "caixa.pagamentocomcartao", "fields": {"venda": 279, "bandeira": 1, "data_do_deposito": null, "valor": "88.55"}}, {"pk": 205, "model": "caixa.pagamentocomcartao", "fields": {"venda": 280, "bandeira": 2, "data_do_deposito": null, "valor": "78.1"}}, {"pk": 206, "model": "caixa.pagamentocomcartao", "fields": {"venda": 282, "bandeira": 1, "data_do_deposito": null, "valor": "34.1"}}, {"pk": 207, "model": "caixa.pagamentocomcartao", "fields": {"venda": 285, "bandeira": 3, "data_do_deposito": null, "valor": "184.25"}}, {"pk": 208, "model": "caixa.pagamentocomcartao", "fields": {"venda": 289, "bandeira": 2, "data_do_deposito": null, "valor": "192.5"}}, {"pk": 209, "model": "caixa.pagamentocomcartao", "fields": {"venda": 290, "bandeira": 4, "data_do_deposito": null, "valor": "85.8"}}, {"pk": 210, "model": "caixa.pagamentocomcartao", "fields": {"venda": 291, "bandeira": 4, "data_do_deposito": null, "valor": "99"}}, {"pk": 211, "model": "caixa.pagamentocomcartao", "fields": {"venda": 293, "bandeira": 2, "data_do_deposito": null, "valor": "63"}}, {"pk": 212, "model": "caixa.pagamentocomcartao", "fields": {"venda": 293, "bandeira": 4, "data_do_deposito": null, "valor": "63"}}, {"pk": 213, "model": "caixa.pagamentocomcartao", "fields": {"venda": 297, "bandeira": 4, "data_do_deposito": null, "valor": "51.7"}}, {"pk": 214, "model": "caixa.pagamentocomcartao", "fields": {"venda": 298, "bandeira": 1, "data_do_deposito": null, "valor": "135.3"}}, {"pk": 215, "model": "caixa.pagamentocomcartao", "fields": {"venda": 299, "bandeira": 1, "data_do_deposito": null, "valor": "63.25"}}, {"pk": 216, "model": "caixa.pagamentocomcartao", "fields": {"venda": 300, "bandeira": 2, "data_do_deposito": null, "valor": "90.2"}}, {"pk": 217, "model": "caixa.pagamentocomcartao", "fields": {"venda": 301, "bandeira": 3, "data_do_deposito": null, "valor": "46"}}, {"pk": 218, "model": "caixa.pagamentocomcartao", "fields": {"venda": 301, "bandeira": 4, "data_do_deposito": null, "valor": "46"}}, {"pk": 219, "model": "caixa.pagamentocomcartao", "fields": {"venda": 301, "bandeira": 2, "data_do_deposito": null, "valor": "111.5"}}, {"pk": 220, "model": "caixa.pagamentocomcartao", "fields": {"venda": 302, "bandeira": 4, "data_do_deposito": null, "valor": "177.1"}}, {"pk": 221, "model": "caixa.pagamentocomcartao", "fields": {"venda": 303, "bandeira": 2, "data_do_deposito": null, "valor": "59"}}, {"pk": 222, "model": "caixa.pagamentocomcartao", "fields": {"venda": 304, "bandeira": 4, "data_do_deposito": null, "valor": "100"}}, {"pk": 223, "model": "caixa.pagamentocomcartao", "fields": {"venda": 305, "bandeira": 3, "data_do_deposito": null, "valor": "88"}}, {"pk": 224, "model": "caixa.pagamentocomcartao", "fields": {"venda": 307, "bandeira": 4, "data_do_deposito": null, "valor": "41.8"}}, {"pk": 225, "model": "caixa.pagamentocomcartao", "fields": {"venda": 309, "bandeira": 1, "data_do_deposito": null, "valor": "102.3"}}, {"pk": 226, "model": "caixa.pagamentocomcartao", "fields": {"venda": 313, "bandeira": 4, "data_do_deposito": null, "valor": "88"}}, {"pk": 227, "model": "caixa.pagamentocomcartao", "fields": {"venda": 314, "bandeira": 2, "data_do_deposito": null, "valor": "75.9"}}, {"pk": 228, "model": "caixa.pagamentocomcartao", "fields": {"venda": 317, "bandeira": 3, "data_do_deposito": null, "valor": "149.05"}}, {"pk": 229, "model": "caixa.pagamentocomcartao", "fields": {"venda": 310, "bandeira": 1, "data_do_deposito": null, "valor": "80"}}, {"pk": 230, "model": "caixa.pagamentocomcartao", "fields": {"venda": 312, "bandeira": 1, "data_do_deposito": null, "valor": "31.3"}}, {"pk": 231, "model": "caixa.pagamentocomcartao", "fields": {"venda": 312, "bandeira": 2, "data_do_deposito": null, "valor": "60"}}, {"pk": 232, "model": "caixa.pagamentocomcartao", "fields": {"venda": 315, "bandeira": 1, "data_do_deposito": null, "valor": "51.7"}}, {"pk": 233, "model": "caixa.pagamentocomcartao", "fields": {"venda": 319, "bandeira": 4, "data_do_deposito": null, "valor": "114.4"}}, {"pk": 234, "model": "caixa.pagamentocomcartao", "fields": {"venda": 320, "bandeira": 2, "data_do_deposito": null, "valor": "106.7"}}, {"pk": 235, "model": "caixa.pagamentocomcartao", "fields": {"venda": 321, "bandeira": 4, "data_do_deposito": null, "valor": "139.7"}}, {"pk": 236, "model": "caixa.pagamentocomcartao", "fields": {"venda": 322, "bandeira": 1, "data_do_deposito": null, "valor": "78.1"}}, {"pk": 237, "model": "caixa.pagamentocomcartao", "fields": {"venda": 323, "bandeira": 1, "data_do_deposito": null, "valor": "14"}}, {"pk": 238, "model": "caixa.pagamentocomcartao", "fields": {"venda": 325, "bandeira": 1, "data_do_deposito": null, "valor": "133.1"}}, {"pk": 239, "model": "caixa.pagamentocomcartao", "fields": {"venda": 326, "bandeira": 1, "data_do_deposito": null, "valor": "200"}}, {"pk": 240, "model": "caixa.pagamentocomcartao", "fields": {"venda": 326, "bandeira": 4, "data_do_deposito": null, "valor": "100"}}, {"pk": 241, "model": "caixa.pagamentocomcartao", "fields": {"venda": 327, "bandeira": 3, "data_do_deposito": null, "valor": "67.1"}}, {"pk": 242, "model": "caixa.pagamentocomcartao", "fields": {"venda": 330, "bandeira": 1, "data_do_deposito": null, "valor": "94.6"}}, {"pk": 243, "model": "caixa.pagamentocomcartao", "fields": {"venda": 324, "bandeira": 3, "data_do_deposito": null, "valor": "50.6"}}, {"pk": 244, "model": "caixa.pagamentocomcartao", "fields": {"venda": 331, "bandeira": 2, "data_do_deposito": null, "valor": "123.3"}}, {"pk": 245, "model": "caixa.pagamentocomcartao", "fields": {"venda": 329, "bandeira": 4, "data_do_deposito": null, "valor": "38"}}, {"pk": 246, "model": "caixa.pagamentocomcartao", "fields": {"venda": 332, "bandeira": 4, "data_do_deposito": null, "valor": "86.9"}}, {"pk": 247, "model": "caixa.pagamentocomcartao", "fields": {"venda": 334, "bandeira": 4, "data_do_deposito": null, "valor": "52.25"}}, {"pk": 248, "model": "caixa.pagamentocomcartao", "fields": {"venda": 335, "bandeira": 5, "data_do_deposito": null, "valor": "96.8"}}, {"pk": 249, "model": "caixa.pagamentocomcartao", "fields": {"venda": 337, "bandeira": 1, "data_do_deposito": null, "valor": "89.1"}}, {"pk": 250, "model": "caixa.pagamentocomcartao", "fields": {"venda": 333, "bandeira": 1, "data_do_deposito": null, "valor": "79.2"}}, {"pk": 251, "model": "caixa.pagamentocomcartao", "fields": {"venda": 336, "bandeira": 4, "data_do_deposito": null, "valor": "133.1"}}, {"pk": 252, "model": "caixa.pagamentocomcartao", "fields": {"venda": 338, "bandeira": 4, "data_do_deposito": null, "valor": "4"}}, {"pk": 253, "model": "caixa.pagamentocomcartao", "fields": {"venda": 340, "bandeira": 2, "data_do_deposito": null, "valor": "28.6"}}, {"pk": 254, "model": "caixa.pagamentocomcartao", "fields": {"venda": 343, "bandeira": 4, "data_do_deposito": null, "valor": "100"}}, {"pk": 255, "model": "caixa.pagamentocomcartao", "fields": {"venda": 343, "bandeira": 1, "data_do_deposito": null, "valor": "78.2"}}, {"pk": 256, "model": "caixa.pagamentocomcartao", "fields": {"venda": 344, "bandeira": 1, "data_do_deposito": null, "valor": "75.9"}}, {"pk": 257, "model": "caixa.pagamentocomcartao", "fields": {"venda": 347, "bandeira": 2, "data_do_deposito": null, "valor": "88"}}, {"pk": 258, "model": "caixa.pagamentocomcartao", "fields": {"venda": 348, "bandeira": 4, "data_do_deposito": null, "valor": "107.8"}}, {"pk": 259, "model": "caixa.pagamentocomcartao", "fields": {"venda": 349, "bandeira": 2, "data_do_deposito": null, "valor": "191"}}, {"pk": 260, "model": "caixa.pagamentocomcartao", "fields": {"venda": 350, "bandeira": 2, "data_do_deposito": null, "valor": "89.1"}}, {"pk": 261, "model": "caixa.pagamentocomcartao", "fields": {"venda": 352, "bandeira": 1, "data_do_deposito": null, "valor": "35.2"}}, {"pk": 262, "model": "caixa.pagamentocomcartao", "fields": {"venda": 353, "bandeira": 1, "data_do_deposito": null, "valor": "66.55"}}, {"pk": 263, "model": "caixa.pagamentocomcartao", "fields": {"venda": 354, "bandeira": 3, "data_do_deposito": null, "valor": "132"}}, {"pk": 264, "model": "caixa.pagamentocomcartao", "fields": {"venda": 358, "bandeira": 1, "data_do_deposito": null, "valor": "118.8"}}, {"pk": 265, "model": "caixa.pagamentocomcartao", "fields": {"venda": 362, "bandeira": 1, "data_do_deposito": null, "valor": "96.8"}}, {"pk": 266, "model": "caixa.pagamentocomcartao", "fields": {"venda": 359, "bandeira": 1, "data_do_deposito": null, "valor": "67.1"}}, {"pk": 267, "model": "caixa.pagamentocomcartao", "fields": {"venda": 364, "bandeira": 1, "data_do_deposito": null, "valor": "59.4"}}, {"pk": 268, "model": "caixa.pagamentocomcartao", "fields": {"venda": 363, "bandeira": 2, "data_do_deposito": null, "valor": "198"}}, {"pk": 269, "model": "caixa.pagamentocomcartao", "fields": {"venda": 365, "bandeira": 2, "data_do_deposito": null, "valor": "110"}}, {"pk": 270, "model": "caixa.pagamentocomcartao", "fields": {"venda": 369, "bandeira": 1, "data_do_deposito": null, "valor": "82.5"}}, {"pk": 271, "model": "caixa.pagamentocomcartao", "fields": {"venda": 366, "bandeira": 4, "data_do_deposito": null, "valor": "85.8"}}, {"pk": 272, "model": "caixa.pagamentocomcartao", "fields": {"venda": 370, "bandeira": 2, "data_do_deposito": null, "valor": "45.1"}}, {"pk": 273, "model": "caixa.pagamentocomcartao", "fields": {"venda": 374, "bandeira": 3, "data_do_deposito": null, "valor": "55"}}, {"pk": 274, "model": "caixa.pagamentocomcartao", "fields": {"venda": 371, "bandeira": 3, "data_do_deposito": null, "valor": "135.3"}}, {"pk": 275, "model": "caixa.pagamentocomcartao", "fields": {"venda": 379, "bandeira": 1, "data_do_deposito": null, "valor": "29.45"}}, {"pk": 276, "model": "caixa.pagamentocomcartao", "fields": {"venda": 383, "bandeira": 1, "data_do_deposito": null, "valor": "83.6"}}, {"pk": 277, "model": "caixa.pagamentocomcartao", "fields": {"venda": 384, "bandeira": 1, "data_do_deposito": null, "valor": "141.9"}}, {"pk": 278, "model": "caixa.pagamentocomcartao", "fields": {"venda": 385, "bandeira": 1, "data_do_deposito": null, "valor": "59.95"}}, {"pk": 279, "model": "caixa.pagamentocomcartao", "fields": {"venda": 386, "bandeira": 3, "data_do_deposito": null, "valor": "156.2"}}, {"pk": 280, "model": "caixa.pagamentocomcartao", "fields": {"venda": 387, "bandeira": 4, "data_do_deposito": null, "valor": "83.6"}}, {"pk": 281, "model": "caixa.pagamentocomcartao", "fields": {"venda": 388, "bandeira": 2, "data_do_deposito": null, "valor": "148.5"}}, {"pk": 282, "model": "caixa.pagamentocomcartao", "fields": {"venda": 389, "bandeira": 4, "data_do_deposito": null, "valor": "158.4"}}, {"pk": 283, "model": "caixa.pagamentocomcartao", "fields": {"venda": 392, "bandeira": 1, "data_do_deposito": null, "valor": "50.6"}}, {"pk": 284, "model": "caixa.pagamentocomcartao", "fields": {"venda": 395, "bandeira": 1, "data_do_deposito": null, "valor": "92.4"}}, {"pk": 285, "model": "caixa.pagamentocomcartao", "fields": {"venda": 396, "bandeira": 1, "data_do_deposito": null, "valor": "200"}}, {"pk": 286, "model": "caixa.pagamentocomcartao", "fields": {"venda": 397, "bandeira": 4, "data_do_deposito": null, "valor": "156.2"}}, {"pk": 287, "model": "caixa.pagamentocomcartao", "fields": {"venda": 398, "bandeira": 1, "data_do_deposito": null, "valor": "155.1"}}, {"pk": 288, "model": "caixa.pagamentocomcartao", "fields": {"venda": 399, "bandeira": 1, "data_do_deposito": null, "valor": "12.1"}}, {"pk": 289, "model": "caixa.pagamentocomcartao", "fields": {"venda": 400, "bandeira": 1, "data_do_deposito": null, "valor": "148.5"}}, {"pk": 290, "model": "caixa.pagamentocomcartao", "fields": {"venda": 401, "bandeira": 1, "data_do_deposito": null, "valor": "50.6"}}, {"pk": 291, "model": "caixa.pagamentocomcartao", "fields": {"venda": 402, "bandeira": 1, "data_do_deposito": null, "valor": "162"}}, {"pk": 292, "model": "caixa.pagamentocomcartao", "fields": {"venda": 403, "bandeira": 2, "data_do_deposito": null, "valor": "88"}}, {"pk": 293, "model": "caixa.pagamentocomcartao", "fields": {"venda": 403, "bandeira": 1, "data_do_deposito": null, "valor": "44"}}, {"pk": 294, "model": "caixa.pagamentocomcartao", "fields": {"venda": 405, "bandeira": 2, "data_do_deposito": null, "valor": "50.1"}}, {"pk": 295, "model": "caixa.pagamentocomcartao", "fields": {"venda": 406, "bandeira": 2, "data_do_deposito": null, "valor": "72.9"}}, {"pk": 296, "model": "caixa.pagamentocomcartao", "fields": {"venda": 407, "bandeira": 2, "data_do_deposito": null, "valor": "93.5"}}, {"pk": 297, "model": "caixa.pagamentocomcartao", "fields": {"venda": 408, "bandeira": 2, "data_do_deposito": null, "valor": "144.5"}}, {"pk": 298, "model": "caixa.pagamentocomcartao", "fields": {"venda": 409, "bandeira": 2, "data_do_deposito": null, "valor": "31.9"}}, {"pk": 299, "model": "caixa.pagamentocomcartao", "fields": {"venda": 411, "bandeira": 1, "data_do_deposito": null, "valor": "85.8"}}, {"pk": 300, "model": "caixa.pagamentocomcartao", "fields": {"venda": 412, "bandeira": 2, "data_do_deposito": null, "valor": "172.7"}}, {"pk": 301, "model": "caixa.pagamentocomcartao", "fields": {"venda": 413, "bandeira": 3, "data_do_deposito": null, "valor": "81.4"}}, {"pk": 302, "model": "caixa.pagamentocomcartao", "fields": {"venda": 414, "bandeira": 1, "data_do_deposito": null, "valor": "150"}}, {"pk": 303, "model": "caixa.pagamentocomcartao", "fields": {"venda": 418, "bandeira": 2, "data_do_deposito": null, "valor": "73"}}, {"pk": 304, "model": "caixa.pagamentocomcartao", "fields": {"venda": 420, "bandeira": 1, "data_do_deposito": null, "valor": "46"}}, {"pk": 305, "model": "caixa.pagamentocomcartao", "fields": {"venda": 422, "bandeira": 4, "data_do_deposito": null, "valor": "217.8"}}, {"pk": 306, "model": "caixa.pagamentocomcartao", "fields": {"venda": 425, "bandeira": 2, "data_do_deposito": null, "valor": "91.3"}}, {"pk": 307, "model": "caixa.pagamentocomcartao", "fields": {"venda": 425, "bandeira": 1, "data_do_deposito": null, "valor": "91.3"}}, {"pk": 308, "model": "caixa.pagamentocomcartao", "fields": {"venda": 426, "bandeira": 1, "data_do_deposito": null, "valor": "119.9"}}, {"pk": 309, "model": "caixa.pagamentocomcartao", "fields": {"venda": 427, "bandeira": 1, "data_do_deposito": null, "valor": "81.4"}}, {"pk": 310, "model": "caixa.pagamentocomcartao", "fields": {"venda": 428, "bandeira": 4, "data_do_deposito": null, "valor": "29"}}, {"pk": 311, "model": "caixa.pagamentocomcartao", "fields": {"venda": 430, "bandeira": 3, "data_do_deposito": null, "valor": "50"}}, {"pk": 312, "model": "caixa.pagamentocomcartao", "fields": {"venda": 430, "bandeira": 2, "data_do_deposito": null, "valor": "33.6"}}, {"pk": 313, "model": "caixa.pagamentocomcartao", "fields": {"venda": 431, "bandeira": 4, "data_do_deposito": null, "valor": "35"}}, {"pk": 314, "model": "caixa.pagamentocomcartao", "fields": {"venda": 433, "bandeira": 3, "data_do_deposito": null, "valor": "108.9"}}, {"pk": 315, "model": "caixa.pagamentocomcartao", "fields": {"venda": 434, "bandeira": 2, "data_do_deposito": null, "valor": "63.8"}}, {"pk": 316, "model": "caixa.pagamentocomcartao", "fields": {"venda": 435, "bandeira": 2, "data_do_deposito": null, "valor": "62.1"}}, {"pk": 317, "model": "caixa.pagamentocomcartao", "fields": {"venda": 436, "bandeira": 1, "data_do_deposito": null, "valor": "133.1"}}, {"pk": 318, "model": "caixa.pagamentocomcartao", "fields": {"venda": 439, "bandeira": 2, "data_do_deposito": null, "valor": "50"}}, {"pk": 319, "model": "caixa.pagamentocomcartao", "fields": {"venda": 440, "bandeira": 2, "data_do_deposito": null, "valor": "67.1"}}, {"pk": 320, "model": "caixa.pagamentocomcartao", "fields": {"venda": 446, "bandeira": 3, "data_do_deposito": null, "valor": "90.2"}}, {"pk": 321, "model": "caixa.pagamentocomcartao", "fields": {"venda": 450, "bandeira": 4, "data_do_deposito": null, "valor": "23.1"}}, {"pk": 322, "model": "caixa.pagamentocomcartao", "fields": {"venda": 448, "bandeira": 4, "data_do_deposito": null, "valor": "69.85"}}, {"pk": 323, "model": "caixa.pagamentocomcartao", "fields": {"venda": 445, "bandeira": 1, "data_do_deposito": null, "valor": "174"}}, {"pk": 324, "model": "caixa.pagamentocomcartao", "fields": {"venda": 447, "bandeira": 3, "data_do_deposito": null, "valor": "32.5"}}, {"pk": 325, "model": "caixa.pagamentocomcartao", "fields": {"venda": 444, "bandeira": 2, "data_do_deposito": null, "valor": "110.5"}}, {"pk": 326, "model": "caixa.pagamentocomcartao", "fields": {"venda": 451, "bandeira": 1, "data_do_deposito": null, "valor": "107.8"}}, {"pk": 327, "model": "caixa.pagamentocomcartao", "fields": {"venda": 453, "bandeira": 4, "data_do_deposito": null, "valor": "85.8"}}, {"pk": 328, "model": "caixa.pagamentocomcartao", "fields": {"venda": 452, "bandeira": 4, "data_do_deposito": null, "valor": "102.3"}}, {"pk": 329, "model": "caixa.pagamentocomcartao", "fields": {"venda": 454, "bandeira": 3, "data_do_deposito": null, "valor": "35.75"}}, {"pk": 330, "model": "caixa.pagamentocomcartao", "fields": {"venda": 456, "bandeira": 1, "data_do_deposito": null, "valor": "53.9"}}, {"pk": 331, "model": "caixa.pagamentocomcartao", "fields": {"venda": 458, "bandeira": 4, "data_do_deposito": null, "valor": "34.1"}}, {"pk": 332, "model": "caixa.pagamentocomcartao", "fields": {"venda": 457, "bandeira": 2, "data_do_deposito": null, "valor": "62.7"}}, {"pk": 333, "model": "caixa.pagamentocomcartao", "fields": {"venda": 459, "bandeira": 2, "data_do_deposito": null, "valor": "50.6"}}, {"pk": 334, "model": "caixa.pagamentocomcartao", "fields": {"venda": 461, "bandeira": 3, "data_do_deposito": null, "valor": "176"}}, {"pk": 335, "model": "caixa.pagamentocomcartao", "fields": {"venda": 461, "bandeira": 2, "data_do_deposito": null, "valor": "48.4"}}, {"pk": 336, "model": "caixa.pagamentocomcartao", "fields": {"venda": 460, "bandeira": 2, "data_do_deposito": null, "valor": "80"}}, {"pk": 337, "model": "caixa.pagamentocomcartao", "fields": {"venda": 460, "bandeira": 4, "data_do_deposito": null, "valor": "134.5"}}, {"pk": 338, "model": "caixa.pagamentocomcartao", "fields": {"venda": 462, "bandeira": 2, "data_do_deposito": null, "valor": "113.3"}}, {"pk": 339, "model": "caixa.pagamentocomcartao", "fields": {"venda": 463, "bandeira": 2, "data_do_deposito": null, "valor": "80"}}, {"pk": 340, "model": "caixa.pagamentocomcartao", "fields": {"venda": 463, "bandeira": 5, "data_do_deposito": null, "valor": "44.1"}}, {"pk": 341, "model": "caixa.pagamentocomcartao", "fields": {"venda": 467, "bandeira": 4, "data_do_deposito": null, "valor": "74.8"}}, {"pk": 342, "model": "caixa.pagamentocomcartao", "fields": {"venda": 471, "bandeira": 2, "data_do_deposito": null, "valor": "155.1"}}, {"pk": 343, "model": "caixa.pagamentocomcartao", "fields": {"venda": 470, "bandeira": 4, "data_do_deposito": null, "valor": "34.1"}}, {"pk": 344, "model": "caixa.pagamentocomcartao", "fields": {"venda": 472, "bandeira": 2, "data_do_deposito": null, "valor": "260"}}, {"pk": 345, "model": "caixa.pagamentocomcartao", "fields": {"venda": 475, "bandeira": 3, "data_do_deposito": null, "valor": "14.3"}}, {"pk": 346, "model": "caixa.pagamentocomcartao", "fields": {"venda": 477, "bandeira": 4, "data_do_deposito": null, "valor": "62.7"}}, {"pk": 347, "model": "caixa.pagamentocomcartao", "fields": {"venda": 479, "bandeira": 1, "data_do_deposito": null, "valor": "136"}}, {"pk": 348, "model": "caixa.pagamentocomcartao", "fields": {"venda": 480, "bandeira": 4, "data_do_deposito": null, "valor": "105.6"}}, {"pk": 349, "model": "caixa.pagamentocomcartao", "fields": {"venda": 483, "bandeira": 1, "data_do_deposito": null, "valor": "136.4"}}, {"pk": 350, "model": "caixa.pagamentocomcartao", "fields": {"venda": 484, "bandeira": 1, "data_do_deposito": null, "valor": "222.2"}}, {"pk": 351, "model": "caixa.pagamentocomcartao", "fields": {"venda": 485, "bandeira": 2, "data_do_deposito": null, "valor": "429"}}, {"pk": 352, "model": "caixa.pagamentocomcartao", "fields": {"venda": 486, "bandeira": 3, "data_do_deposito": null, "valor": "84"}}, {"pk": 353, "model": "caixa.pagamentocomcartao", "fields": {"venda": 487, "bandeira": 3, "data_do_deposito": null, "valor": "31.9"}}, {"pk": 354, "model": "caixa.pagamentocomcartao", "fields": {"venda": 488, "bandeira": 2, "data_do_deposito": null, "valor": "30.8"}}, {"pk": 355, "model": "caixa.pagamentocomcartao", "fields": {"venda": 489, "bandeira": 3, "data_do_deposito": null, "valor": "91.3"}}, {"pk": 356, "model": "caixa.pagamentocomcartao", "fields": {"venda": 490, "bandeira": 1, "data_do_deposito": null, "valor": "83.6"}}, {"pk": 357, "model": "caixa.pagamentocomcartao", "fields": {"venda": 496, "bandeira": 1, "data_do_deposito": null, "valor": "58.3"}}, {"pk": 358, "model": "caixa.pagamentocomcartao", "fields": {"venda": 494, "bandeira": 3, "data_do_deposito": null, "valor": "139.7"}}, {"pk": 359, "model": "caixa.pagamentocomcartao", "fields": {"venda": 497, "bandeira": 1, "data_do_deposito": null, "valor": "85.8"}}, {"pk": 360, "model": "caixa.pagamentocomcartao", "fields": {"venda": 498, "bandeira": 2, "data_do_deposito": null, "valor": "44"}}, {"pk": 361, "model": "caixa.pagamentocomcartao", "fields": {"venda": 500, "bandeira": 1, "data_do_deposito": null, "valor": "73"}}, {"pk": 362, "model": "caixa.pagamentocomcartao", "fields": {"venda": 503, "bandeira": 2, "data_do_deposito": null, "valor": "120"}}, {"pk": 363, "model": "caixa.pagamentocomcartao", "fields": {"venda": 504, "bandeira": 2, "data_do_deposito": null, "valor": "84.7"}}, {"pk": 364, "model": "caixa.pagamentocomcartao", "fields": {"venda": 505, "bandeira": 2, "data_do_deposito": null, "valor": "90.2"}}, {"pk": 365, "model": "caixa.pagamentocomcartao", "fields": {"venda": 507, "bandeira": 1, "data_do_deposito": null, "valor": "106.15"}}, {"pk": 366, "model": "caixa.pagamentocomcartao", "fields": {"venda": 508, "bandeira": 1, "data_do_deposito": null, "valor": "143"}}, {"pk": 367, "model": "caixa.pagamentocomcartao", "fields": {"venda": 509, "bandeira": 2, "data_do_deposito": null, "valor": "62.7"}}, {"pk": 368, "model": "caixa.pagamentocomcartao", "fields": {"venda": 513, "bandeira": 3, "data_do_deposito": null, "valor": "74.8"}}, {"pk": 369, "model": "caixa.pagamentocomcartao", "fields": {"venda": 514, "bandeira": 2, "data_do_deposito": null, "valor": "121"}}, {"pk": 370, "model": "caixa.pagamentocomcartao", "fields": {"venda": 516, "bandeira": 2, "data_do_deposito": null, "valor": "52.8"}}, {"pk": 371, "model": "caixa.pagamentocomcartao", "fields": {"venda": 517, "bandeira": 1, "data_do_deposito": null, "valor": "94.05"}}, {"pk": 372, "model": "caixa.pagamentocomcartao", "fields": {"venda": 518, "bandeira": 4, "data_do_deposito": null, "valor": "54.35"}}, {"pk": 373, "model": "caixa.pagamentocomcartao", "fields": {"venda": 521, "bandeira": 2, "data_do_deposito": null, "valor": "230"}}, {"pk": 374, "model": "caixa.pagamentocomcartao", "fields": {"venda": 523, "bandeira": 1, "data_do_deposito": null, "valor": "89.65"}}, {"pk": 375, "model": "caixa.pagamentocomcartao", "fields": {"venda": 525, "bandeira": 4, "data_do_deposito": null, "valor": "73"}}, {"pk": 376, "model": "caixa.pagamentocomcartao", "fields": {"venda": 528, "bandeira": 2, "data_do_deposito": null, "valor": "77"}}, {"pk": 377, "model": "caixa.pagamentocomcartao", "fields": {"venda": 530, "bandeira": 1, "data_do_deposito": null, "valor": "63.25"}}, {"pk": 378, "model": "caixa.pagamentocomcartao", "fields": {"venda": 532, "bandeira": 1, "data_do_deposito": null, "valor": "49.5"}}, {"pk": 379, "model": "caixa.pagamentocomcartao", "fields": {"venda": 534, "bandeira": 2, "data_do_deposito": null, "valor": "42"}}, {"pk": 380, "model": "caixa.pagamentocomcartao", "fields": {"venda": 535, "bandeira": 1, "data_do_deposito": null, "valor": "149.05"}}, {"pk": 381, "model": "caixa.pagamentocomcartao", "fields": {"venda": 541, "bandeira": 3, "data_do_deposito": null, "valor": "92.4"}}, {"pk": 382, "model": "caixa.pagamentocomcartao", "fields": {"venda": 539, "bandeira": 2, "data_do_deposito": null, "valor": "159.5"}}, {"pk": 383, "model": "caixa.pagamentocomcartao", "fields": {"venda": 543, "bandeira": 1, "data_do_deposito": null, "valor": "300"}}, {"pk": 384, "model": "caixa.pagamentocomcartao", "fields": {"venda": 545, "bandeira": 1, "data_do_deposito": null, "valor": "93.5"}}, {"pk": 385, "model": "caixa.pagamentocomcartao", "fields": {"venda": 546, "bandeira": 4, "data_do_deposito": null, "valor": "21"}}, {"pk": 386, "model": "caixa.pagamentocomcartao", "fields": {"venda": 550, "bandeira": 4, "data_do_deposito": null, "valor": "73.15"}}, {"pk": 387, "model": "caixa.pagamentocomcartao", "fields": {"venda": 551, "bandeira": 2, "data_do_deposito": null, "valor": "126.5"}}, {"pk": 388, "model": "caixa.pagamentocomcartao", "fields": {"venda": 553, "bandeira": 2, "data_do_deposito": null, "valor": "41.8"}}, {"pk": 389, "model": "caixa.pagamentocomcartao", "fields": {"venda": 556, "bandeira": 2, "data_do_deposito": null, "valor": "50"}}, {"pk": 390, "model": "caixa.pagamentocomcartao", "fields": {"venda": 558, "bandeira": 3, "data_do_deposito": null, "valor": "80"}}, {"pk": 391, "model": "caixa.pagamentocomcartao", "fields": {"venda": 558, "bandeira": 2, "data_do_deposito": null, "valor": "53.1"}}, {"pk": 392, "model": "caixa.pagamentocomcartao", "fields": {"venda": 561, "bandeira": 4, "data_do_deposito": null, "valor": "129.8"}}, {"pk": 393, "model": "caixa.pagamentocomcartao", "fields": {"venda": 564, "bandeira": 2, "data_do_deposito": null, "valor": "30.75"}}, {"pk": 394, "model": "caixa.pagamentocomcartao", "fields": {"venda": 565, "bandeira": 2, "data_do_deposito": null, "valor": "35"}}, {"pk": 395, "model": "caixa.pagamentocomcartao", "fields": {"venda": 566, "bandeira": 4, "data_do_deposito": null, "valor": "60"}}, {"pk": 396, "model": "caixa.pagamentocomcartao", "fields": {"venda": 567, "bandeira": 1, "data_do_deposito": null, "valor": "116.05"}}, {"pk": 397, "model": "caixa.pagamentocomcartao", "fields": {"venda": 570, "bandeira": 2, "data_do_deposito": null, "valor": "78.1"}}, {"pk": 398, "model": "caixa.pagamentocomcartao", "fields": {"venda": 568, "bandeira": 2, "data_do_deposito": null, "valor": "73"}}, {"pk": 399, "model": "caixa.pagamentocomcartao", "fields": {"venda": 568, "bandeira": 3, "data_do_deposito": null, "valor": "73"}}, {"pk": 400, "model": "caixa.pagamentocomcartao", "fields": {"venda": 581, "bandeira": 4, "data_do_deposito": null, "valor": "34.1"}}, {"pk": 401, "model": "caixa.pagamentocomcartao", "fields": {"venda": 582, "bandeira": 2, "data_do_deposito": null, "valor": "65.4"}}, {"pk": 402, "model": "caixa.pagamentocomcartao", "fields": {"venda": 583, "bandeira": 2, "data_do_deposito": null, "valor": "30.8"}}, {"pk": 403, "model": "caixa.pagamentocomcartao", "fields": {"venda": 584, "bandeira": 1, "data_do_deposito": null, "valor": "112.2"}}, {"pk": 404, "model": "caixa.pagamentocomcartao", "fields": {"venda": 585, "bandeira": 1, "data_do_deposito": null, "valor": "116.05"}}, {"pk": 405, "model": "caixa.pagamentocomcartao", "fields": {"venda": 586, "bandeira": 2, "data_do_deposito": null, "valor": "22"}}, {"pk": 406, "model": "caixa.pagamentocomcartao", "fields": {"venda": 588, "bandeira": 3, "data_do_deposito": null, "valor": "23"}}, {"pk": 407, "model": "caixa.pagamentocomcartao", "fields": {"venda": 589, "bandeira": 1, "data_do_deposito": null, "valor": "116.6"}}, {"pk": 408, "model": "caixa.pagamentocomcartao", "fields": {"venda": 591, "bandeira": 4, "data_do_deposito": null, "valor": "241.45"}}, {"pk": 409, "model": "caixa.pagamentocomcartao", "fields": {"venda": 593, "bandeira": 1, "data_do_deposito": null, "valor": "52.8"}}, {"pk": 410, "model": "caixa.pagamentocomcartao", "fields": {"venda": 594, "bandeira": 2, "data_do_deposito": null, "valor": "104.5"}}, {"pk": 411, "model": "caixa.pagamentocomcartao", "fields": {"venda": 596, "bandeira": 5, "data_do_deposito": null, "valor": "98.45"}}, {"pk": 412, "model": "caixa.pagamentocomcartao", "fields": {"venda": 597, "bandeira": 1, "data_do_deposito": null, "valor": "146.3"}}, {"pk": 413, "model": "caixa.pagamentocomcartao", "fields": {"venda": 598, "bandeira": 1, "data_do_deposito": null, "valor": "80"}}, {"pk": 414, "model": "caixa.pagamentocomcartao", "fields": {"venda": 600, "bandeira": 1, "data_do_deposito": null, "valor": "107.8"}}, {"pk": 415, "model": "caixa.pagamentocomcartao", "fields": {"venda": 601, "bandeira": 1, "data_do_deposito": null, "valor": "108.35"}}, {"pk": 416, "model": "caixa.pagamentocomcartao", "fields": {"venda": 602, "bandeira": 3, "data_do_deposito": null, "valor": "105"}}, {"pk": 417, "model": "caixa.pagamentocomcartao", "fields": {"venda": 605, "bandeira": 1, "data_do_deposito": null, "valor": "140"}}, {"pk": 418, "model": "caixa.pagamentocomcartao", "fields": {"venda": 607, "bandeira": 4, "data_do_deposito": null, "valor": "88"}}, {"pk": 419, "model": "caixa.pagamentocomcartao", "fields": {"venda": 606, "bandeira": 1, "data_do_deposito": null, "valor": "147.4"}}, {"pk": 420, "model": "caixa.pagamentocomcartao", "fields": {"venda": 609, "bandeira": 1, "data_do_deposito": null, "valor": "81.4"}}, {"pk": 421, "model": "caixa.pagamentocomcartao", "fields": {"venda": 611, "bandeira": 3, "data_do_deposito": null, "valor": "167.2"}}, {"pk": 422, "model": "caixa.pagamentocomcartao", "fields": {"venda": 610, "bandeira": 2, "data_do_deposito": null, "valor": "92.4"}}, {"pk": 423, "model": "caixa.pagamentocomcartao", "fields": {"venda": 612, "bandeira": 1, "data_do_deposito": null, "valor": "132"}}, {"pk": 424, "model": "caixa.pagamentocomcartao", "fields": {"venda": 616, "bandeira": 3, "data_do_deposito": null, "valor": "102.3"}}, {"pk": 425, "model": "caixa.pagamentocomcartao", "fields": {"venda": 615, "bandeira": 3, "data_do_deposito": null, "valor": "36.45"}}, {"pk": 426, "model": "caixa.pagamentocomcartao", "fields": {"venda": 619, "bandeira": 4, "data_do_deposito": null, "valor": "135"}}, {"pk": 427, "model": "caixa.pagamentocomcartao", "fields": {"venda": 619, "bandeira": 3, "data_do_deposito": null, "valor": "16"}}, {"pk": 428, "model": "caixa.pagamentocomcartao", "fields": {"venda": 614, "bandeira": 4, "data_do_deposito": null, "valor": "121"}}, {"pk": 429, "model": "caixa.pagamentocomcartao", "fields": {"venda": 620, "bandeira": 2, "data_do_deposito": null, "valor": "58.3"}}, {"pk": 430, "model": "caixa.pagamentocomcartao", "fields": {"venda": 617, "bandeira": 4, "data_do_deposito": null, "valor": "150"}}, {"pk": 431, "model": "caixa.pagamentocomcartao", "fields": {"venda": 621, "bandeira": 1, "data_do_deposito": null, "valor": "74.8"}}, {"pk": 432, "model": "caixa.pagamentocomcartao", "fields": {"venda": 624, "bandeira": 4, "data_do_deposito": null, "valor": "46"}}, {"pk": 433, "model": "caixa.pagamentocomcartao", "fields": {"venda": 625, "bandeira": 1, "data_do_deposito": null, "valor": "72"}}, {"pk": 434, "model": "caixa.pagamentocomcartao", "fields": {"venda": 627, "bandeira": 1, "data_do_deposito": null, "valor": "150"}}, {"pk": 435, "model": "caixa.pagamentocomcartao", "fields": {"venda": 628, "bandeira": 3, "data_do_deposito": null, "valor": "172.7"}}, {"pk": 436, "model": "caixa.pagamentocomcartao", "fields": {"venda": 629, "bandeira": 4, "data_do_deposito": null, "valor": "55"}}, {"pk": 437, "model": "caixa.pagamentocomcartao", "fields": {"venda": 630, "bandeira": 2, "data_do_deposito": null, "valor": "52.8"}}, {"pk": 438, "model": "caixa.pagamentocomcartao", "fields": {"venda": 632, "bandeira": 1, "data_do_deposito": null, "valor": "16.5"}}, {"pk": 439, "model": "caixa.pagamentocomcartao", "fields": {"venda": 634, "bandeira": 4, "data_do_deposito": null, "valor": "32"}}, {"pk": 440, "model": "caixa.pagamentocomcartao", "fields": {"venda": 634, "bandeira": 2, "data_do_deposito": null, "valor": "18"}}, {"pk": 441, "model": "caixa.pagamentocomcartao", "fields": {"venda": 635, "bandeira": 1, "data_do_deposito": null, "valor": "114.4"}}, {"pk": 442, "model": "caixa.pagamentocomcartao", "fields": {"venda": 636, "bandeira": 1, "data_do_deposito": null, "valor": "85.8"}}, {"pk": 443, "model": "caixa.pagamentocomcartao", "fields": {"venda": 637, "bandeira": 4, "data_do_deposito": null, "valor": "181.5"}}, {"pk": 444, "model": "caixa.pagamentocomcartao", "fields": {"venda": 638, "bandeira": 1, "data_do_deposito": null, "valor": "116"}}, {"pk": 445, "model": "caixa.pagamentocomcartao", "fields": {"venda": 639, "bandeira": 3, "data_do_deposito": null, "valor": "103.4"}}, {"pk": 446, "model": "caixa.pagamentocomcartao", "fields": {"venda": 640, "bandeira": 1, "data_do_deposito": null, "valor": "122.1"}}, {"pk": 447, "model": "caixa.pagamentocomcartao", "fields": {"venda": 642, "bandeira": 2, "data_do_deposito": null, "valor": "38.5"}}, {"pk": 448, "model": "caixa.pagamentocomcartao", "fields": {"venda": 643, "bandeira": 1, "data_do_deposito": null, "valor": "83.35"}}, {"pk": 449, "model": "caixa.pagamentocomcartao", "fields": {"venda": 646, "bandeira": 2, "data_do_deposito": null, "valor": "80"}}, {"pk": 450, "model": "caixa.pagamentocomcartao", "fields": {"venda": 647, "bandeira": 1, "data_do_deposito": null, "valor": "72.6"}}, {"pk": 451, "model": "caixa.pagamentocomcartao", "fields": {"venda": 648, "bandeira": 1, "data_do_deposito": null, "valor": "80"}}, {"pk": 452, "model": "caixa.pagamentocomcartao", "fields": {"venda": 649, "bandeira": 3, "data_do_deposito": null, "valor": "101.2"}}, {"pk": 453, "model": "caixa.pagamentocomcartao", "fields": {"venda": 650, "bandeira": 2, "data_do_deposito": null, "valor": "99"}}, {"pk": 454, "model": "caixa.pagamentocomcartao", "fields": {"venda": 651, "bandeira": 2, "data_do_deposito": null, "valor": "87"}}, {"pk": 455, "model": "caixa.pagamentocomcartao", "fields": {"venda": 651, "bandeira": 1, "data_do_deposito": null, "valor": "35"}}, {"pk": 456, "model": "caixa.pagamentocomcartao", "fields": {"venda": 653, "bandeira": 4, "data_do_deposito": null, "valor": "71.5"}}, {"pk": 457, "model": "caixa.pagamentocomcartao", "fields": {"venda": 654, "bandeira": 4, "data_do_deposito": null, "valor": "135.3"}}, {"pk": 458, "model": "caixa.pagamentocomcartao", "fields": {"venda": 657, "bandeira": 4, "data_do_deposito": null, "valor": "91.3"}}, {"pk": 459, "model": "caixa.pagamentocomcartao", "fields": {"venda": 658, "bandeira": 4, "data_do_deposito": null, "valor": "77"}}, {"pk": 460, "model": "caixa.pagamentocomcartao", "fields": {"venda": 659, "bandeira": 1, "data_do_deposito": null, "valor": "93.5"}}, {"pk": 461, "model": "caixa.pagamentocomcartao", "fields": {"venda": 661, "bandeira": 1, "data_do_deposito": null, "valor": "102.3"}}, {"pk": 462, "model": "caixa.pagamentocomcartao", "fields": {"venda": 662, "bandeira": 1, "data_do_deposito": null, "valor": "61.6"}}, {"pk": 463, "model": "caixa.pagamentocomcartao", "fields": {"venda": 664, "bandeira": 4, "data_do_deposito": null, "valor": "30.8"}}, {"pk": 464, "model": "caixa.pagamentocomcartao", "fields": {"venda": 665, "bandeira": 4, "data_do_deposito": null, "valor": "68.2"}}, {"pk": 465, "model": "caixa.pagamentocomcartao", "fields": {"venda": 667, "bandeira": 1, "data_do_deposito": null, "valor": "83.6"}}, {"pk": 466, "model": "caixa.pagamentocomcartao", "fields": {"venda": 669, "bandeira": 1, "data_do_deposito": null, "valor": "93.5"}}, {"pk": 467, "model": "caixa.pagamentocomcartao", "fields": {"venda": 674, "bandeira": 2, "data_do_deposito": null, "valor": "36.5"}}, {"pk": 468, "model": "caixa.pagamentocomcartao", "fields": {"venda": 674, "bandeira": 4, "data_do_deposito": null, "valor": "36.5"}}, {"pk": 469, "model": "caixa.pagamentocomcartao", "fields": {"venda": 671, "bandeira": 3, "data_do_deposito": null, "valor": "123.2"}}, {"pk": 470, "model": "caixa.pagamentocomcartao", "fields": {"venda": 673, "bandeira": 1, "data_do_deposito": null, "valor": "92"}}, {"pk": 471, "model": "caixa.pagamentocomcartao", "fields": {"venda": 670, "bandeira": 1, "data_do_deposito": null, "valor": "90.6"}}, {"pk": 472, "model": "caixa.pagamentocomcartao", "fields": {"venda": 670, "bandeira": 4, "data_do_deposito": null, "valor": "90"}}, {"pk": 473, "model": "caixa.pagamentocomcartao", "fields": {"venda": 670, "bandeira": 3, "data_do_deposito": null, "valor": "90"}}, {"pk": 474, "model": "caixa.pagamentocomcartao", "fields": {"venda": 676, "bandeira": 3, "data_do_deposito": null, "valor": "171.6"}}, {"pk": 475, "model": "caixa.pagamentocomcartao", "fields": {"venda": 678, "bandeira": 2, "data_do_deposito": null, "valor": "190.3"}}, {"pk": 476, "model": "caixa.pagamentocomcartao", "fields": {"venda": 680, "bandeira": 2, "data_do_deposito": null, "valor": "12.1"}}, {"pk": 477, "model": "caixa.pagamentocomcartao", "fields": {"venda": 677, "bandeira": 1, "data_do_deposito": null, "valor": "90.2"}}, {"pk": 478, "model": "caixa.pagamentocomcartao", "fields": {"venda": 681, "bandeira": 1, "data_do_deposito": null, "valor": "344.85"}}, {"pk": 479, "model": "caixa.pagamentocomcartao", "fields": {"venda": 682, "bandeira": 2, "data_do_deposito": null, "valor": "60"}}, {"pk": 480, "model": "caixa.pagamentocomcartao", "fields": {"venda": 684, "bandeira": 1, "data_do_deposito": null, "valor": "141.9"}}, {"pk": 481, "model": "caixa.pagamentocomcartao", "fields": {"venda": 685, "bandeira": 1, "data_do_deposito": null, "valor": "114"}}, {"pk": 482, "model": "caixa.pagamentocomcartao", "fields": {"venda": 685, "bandeira": 3, "data_do_deposito": null, "valor": "114"}}, {"pk": 483, "model": "caixa.pagamentocomcartao", "fields": {"venda": 686, "bandeira": 2, "data_do_deposito": null, "valor": "111.1"}}, {"pk": 484, "model": "caixa.pagamentocomcartao", "fields": {"venda": 687, "bandeira": 1, "data_do_deposito": null, "valor": "73.7"}}, {"pk": 485, "model": "caixa.pagamentocomcartao", "fields": {"venda": 688, "bandeira": 1, "data_do_deposito": null, "valor": "45.2"}}, {"pk": 486, "model": "caixa.pagamentocomcartao", "fields": {"venda": 691, "bandeira": 2, "data_do_deposito": null, "valor": "58.3"}}, {"pk": 487, "model": "caixa.pagamentocomcartao", "fields": {"venda": 689, "bandeira": 3, "data_do_deposito": null, "valor": "104"}}, {"pk": 488, "model": "caixa.pagamentocomcartao", "fields": {"venda": 693, "bandeira": 2, "data_do_deposito": null, "valor": "37.95"}}, {"pk": 489, "model": "caixa.pagamentocomcartao", "fields": {"venda": 694, "bandeira": 4, "data_do_deposito": null, "valor": "107.8"}}, {"pk": 490, "model": "caixa.pagamentocomcartao", "fields": {"venda": 690, "bandeira": 1, "data_do_deposito": null, "valor": "222.75"}}, {"pk": 491, "model": "caixa.pagamentocomcartao", "fields": {"venda": 696, "bandeira": 4, "data_do_deposito": null, "valor": "46.2"}}, {"pk": 492, "model": "caixa.pagamentocomcartao", "fields": {"venda": 698, "bandeira": 1, "data_do_deposito": null, "valor": "56.1"}}, {"pk": 493, "model": "caixa.pagamentocomcartao", "fields": {"venda": 697, "bandeira": 2, "data_do_deposito": null, "valor": "132"}}, {"pk": 494, "model": "caixa.pagamentocomcartao", "fields": {"venda": 697, "bandeira": 3, "data_do_deposito": null, "valor": "44.1"}}, {"pk": 495, "model": "caixa.pagamentocomcartao", "fields": {"venda": 704, "bandeira": 2, "data_do_deposito": null, "valor": "80"}}, {"pk": 496, "model": "caixa.pagamentocomcartao", "fields": {"venda": 705, "bandeira": 1, "data_do_deposito": null, "valor": "155.1"}}, {"pk": 497, "model": "caixa.pagamentocomcartao", "fields": {"venda": 707, "bandeira": 2, "data_do_deposito": null, "valor": "126.5"}}, {"pk": 498, "model": "caixa.pagamentocomcartao", "fields": {"venda": 709, "bandeira": 3, "data_do_deposito": null, "valor": "82.5"}}, {"pk": 499, "model": "caixa.pagamentocomcartao", "fields": {"venda": 713, "bandeira": 3, "data_do_deposito": null, "valor": "60"}}, {"pk": 500, "model": "caixa.pagamentocomcartao", "fields": {"venda": 715, "bandeira": 1, "data_do_deposito": null, "valor": "240.35"}}, {"pk": 501, "model": "caixa.pagamentocomcartao", "fields": {"venda": 716, "bandeira": 1, "data_do_deposito": null, "valor": "66"}}, {"pk": 502, "model": "caixa.pagamentocomcartao", "fields": {"venda": 717, "bandeira": 2, "data_do_deposito": null, "valor": "69.68"}}, {"pk": 503, "model": "caixa.pagamentocomcartao", "fields": {"venda": 721, "bandeira": 2, "data_do_deposito": null, "valor": "115"}}, {"pk": 504, "model": "caixa.pagamentocomcartao", "fields": {"venda": 721, "bandeira": 3, "data_do_deposito": null, "valor": "109.9"}}, {"pk": 505, "model": "caixa.pagamentocomcartao", "fields": {"venda": 725, "bandeira": 2, "data_do_deposito": null, "valor": "50.6"}}, {"pk": 506, "model": "caixa.pagamentocomcartao", "fields": {"venda": 726, "bandeira": 4, "data_do_deposito": null, "valor": "60.5"}}, {"pk": 507, "model": "caixa.pagamentocomcartao", "fields": {"venda": 727, "bandeira": 1, "data_do_deposito": null, "valor": "131.45"}}, {"pk": 508, "model": "caixa.pagamentocomcartao", "fields": {"venda": 730, "bandeira": 2, "data_do_deposito": null, "valor": "91.3"}}, {"pk": 509, "model": "caixa.pagamentocomcartao", "fields": {"venda": 731, "bandeira": 3, "data_do_deposito": null, "valor": "63.8"}}, {"pk": 510, "model": "caixa.pagamentocomcartao", "fields": {"venda": 732, "bandeira": 1, "data_do_deposito": null, "valor": "166.1"}}, {"pk": 511, "model": "caixa.pagamentocomcartao", "fields": {"venda": 733, "bandeira": 1, "data_do_deposito": null, "valor": "77"}}, {"pk": 512, "model": "caixa.pagamentocomcartao", "fields": {"venda": 734, "bandeira": 1, "data_do_deposito": null, "valor": "146.1"}}, {"pk": 513, "model": "caixa.pagamentocomcartao", "fields": {"venda": 735, "bandeira": 1, "data_do_deposito": null, "valor": "91.85"}}, {"pk": 514, "model": "caixa.pagamentocomcartao", "fields": {"venda": 736, "bandeira": 4, "data_do_deposito": null, "valor": "40"}}, {"pk": 515, "model": "caixa.pagamentocomcartao", "fields": {"venda": 738, "bandeira": 2, "data_do_deposito": null, "valor": "105.6"}}, {"pk": 516, "model": "caixa.pagamentocomcartao", "fields": {"venda": 739, "bandeira": 2, "data_do_deposito": null, "valor": "109.45"}}, {"pk": 517, "model": "caixa.pagamentocomcartao", "fields": {"venda": 740, "bandeira": 2, "data_do_deposito": null, "valor": "91.3"}}, {"pk": 518, "model": "caixa.pagamentocomcartao", "fields": {"venda": 742, "bandeira": 3, "data_do_deposito": null, "valor": "31.9"}}, {"pk": 519, "model": "caixa.pagamentocomcartao", "fields": {"venda": 744, "bandeira": 4, "data_do_deposito": null, "valor": "106.7"}}, {"pk": 520, "model": "caixa.pagamentocomcartao", "fields": {"venda": 747, "bandeira": 2, "data_do_deposito": null, "valor": "60.5"}}, {"pk": 521, "model": "caixa.pagamentocomcartao", "fields": {"venda": 745, "bandeira": 1, "data_do_deposito": null, "valor": "60"}}, {"pk": 522, "model": "caixa.pagamentocomcartao", "fields": {"venda": 750, "bandeira": 2, "data_do_deposito": null, "valor": "42"}}, {"pk": 523, "model": "caixa.pagamentocomcartao", "fields": {"venda": 751, "bandeira": 4, "data_do_deposito": null, "valor": "70"}}, {"pk": 524, "model": "caixa.pagamentocomcartao", "fields": {"venda": 754, "bandeira": 4, "data_do_deposito": null, "valor": "27.5"}}, {"pk": 525, "model": "caixa.pagamentocomcartao", "fields": {"venda": 752, "bandeira": 5, "data_do_deposito": null, "valor": "74.8"}}, {"pk": 526, "model": "caixa.pagamentocomcartao", "fields": {"venda": 753, "bandeira": 3, "data_do_deposito": null, "valor": "66"}}, {"pk": 527, "model": "caixa.pagamentocomcartao", "fields": {"venda": 757, "bandeira": 4, "data_do_deposito": null, "valor": "125"}}, {"pk": 528, "model": "caixa.pagamentocomcartao", "fields": {"venda": 758, "bandeira": 2, "data_do_deposito": null, "valor": "62.7"}}, {"pk": 529, "model": "caixa.pagamentocomcartao", "fields": {"venda": 759, "bandeira": 4, "data_do_deposito": null, "valor": "75.9"}}, {"pk": 530, "model": "caixa.pagamentocomcartao", "fields": {"venda": 761, "bandeira": 1, "data_do_deposito": null, "valor": "48.4"}}, {"pk": 531, "model": "caixa.pagamentocomcartao", "fields": {"venda": 764, "bandeira": 2, "data_do_deposito": null, "valor": "84.15"}}, {"pk": 532, "model": "caixa.pagamentocomcartao", "fields": {"venda": 767, "bandeira": 1, "data_do_deposito": null, "valor": "28.6"}}, {"pk": 533, "model": "caixa.pagamentocomcartao", "fields": {"venda": 766, "bandeira": 1, "data_do_deposito": null, "valor": "121.55"}}, {"pk": 534, "model": "caixa.pagamentocomcartao", "fields": {"venda": 765, "bandeira": 4, "data_do_deposito": null, "valor": "40"}}, {"pk": 535, "model": "caixa.pagamentocomcartao", "fields": {"venda": 770, "bandeira": 4, "data_do_deposito": null, "valor": "105.6"}}, {"pk": 536, "model": "caixa.pagamentocomcartao", "fields": {"venda": 771, "bandeira": 2, "data_do_deposito": null, "valor": "106.15"}}, {"pk": 537, "model": "caixa.pagamentocomcartao", "fields": {"venda": 773, "bandeira": 4, "data_do_deposito": null, "valor": "84"}}, {"pk": 538, "model": "caixa.pagamentocomcartao", "fields": {"venda": 775, "bandeira": 1, "data_do_deposito": null, "valor": "107.8"}}, {"pk": 539, "model": "caixa.pagamentocomcartao", "fields": {"venda": 774, "bandeira": 1, "data_do_deposito": null, "valor": "140"}}, {"pk": 540, "model": "caixa.pagamentocomcartao", "fields": {"venda": 774, "bandeira": 3, "data_do_deposito": null, "valor": "140"}}, {"pk": 541, "model": "caixa.pagamentocomcartao", "fields": {"venda": 778, "bandeira": 1, "data_do_deposito": null, "valor": "100.1"}}, {"pk": 542, "model": "caixa.pagamentocomcartao", "fields": {"venda": 776, "bandeira": 2, "data_do_deposito": null, "valor": "121"}}, {"pk": 543, "model": "caixa.pagamentocomcartao", "fields": {"venda": 780, "bandeira": 3, "data_do_deposito": null, "valor": "77.55"}}, {"pk": 544, "model": "caixa.pagamentocomcartao", "fields": {"venda": 781, "bandeira": 2, "data_do_deposito": null, "valor": "82.5"}}, {"pk": 545, "model": "caixa.pagamentocomcartao", "fields": {"venda": 785, "bandeira": 3, "data_do_deposito": null, "valor": "121"}}, {"pk": 546, "model": "caixa.pagamentocomcartao", "fields": {"venda": 786, "bandeira": 2, "data_do_deposito": null, "valor": "113.3"}}, {"pk": 547, "model": "caixa.pagamentocomcartao", "fields": {"venda": 787, "bandeira": 1, "data_do_deposito": null, "valor": "71.5"}}, {"pk": 548, "model": "caixa.pagamentocomcartao", "fields": {"venda": 788, "bandeira": 2, "data_do_deposito": null, "valor": "73.7"}}, {"pk": 549, "model": "caixa.pagamentocomcartao", "fields": {"venda": 789, "bandeira": 4, "data_do_deposito": null, "valor": "70"}}, {"pk": 550, "model": "caixa.pagamentocomcartao", "fields": {"venda": 789, "bandeira": 1, "data_do_deposito": null, "valor": "94"}}, {"pk": 551, "model": "caixa.pagamentocomcartao", "fields": {"venda": 790, "bandeira": 2, "data_do_deposito": null, "valor": "73.15"}}, {"pk": 552, "model": "caixa.pagamentocomcartao", "fields": {"venda": 791, "bandeira": 3, "data_do_deposito": null, "valor": "227.7"}}, {"pk": 553, "model": "caixa.pagamentocomcartao", "fields": {"venda": 796, "bandeira": 1, "data_do_deposito": null, "valor": "100"}}, {"pk": 554, "model": "caixa.pagamentocomcartao", "fields": {"venda": 796, "bandeira": 2, "data_do_deposito": null, "valor": "71.5"}}, {"pk": 555, "model": "caixa.pagamentocomcartao", "fields": {"venda": 797, "bandeira": 1, "data_do_deposito": null, "valor": "68.75"}}, {"pk": 556, "model": "caixa.pagamentocomcartao", "fields": {"venda": 798, "bandeira": 3, "data_do_deposito": null, "valor": "57.2"}}, {"pk": 557, "model": "caixa.pagamentocomcartao", "fields": {"venda": 800, "bandeira": 4, "data_do_deposito": null, "valor": "124.85"}}, {"pk": 558, "model": "caixa.pagamentocomcartao", "fields": {"venda": 799, "bandeira": 3, "data_do_deposito": null, "valor": "91.3"}}, {"pk": 559, "model": "caixa.pagamentocomcartao", "fields": {"venda": 803, "bandeira": 3, "data_do_deposito": null, "valor": "81.95"}}, {"pk": 560, "model": "caixa.pagamentocomcartao", "fields": {"venda": 804, "bandeira": 1, "data_do_deposito": null, "valor": "60.5"}}, {"pk": 561, "model": "caixa.pagamentocomcartao", "fields": {"venda": 807, "bandeira": 1, "data_do_deposito": null, "valor": "130.9"}}, {"pk": 562, "model": "caixa.pagamentocomcartao", "fields": {"venda": 808, "bandeira": 4, "data_do_deposito": null, "valor": "105.6"}}, {"pk": 563, "model": "caixa.pagamentocomcartao", "fields": {"venda": 805, "bandeira": 2, "data_do_deposito": null, "valor": "108.9"}}, {"pk": 564, "model": "caixa.pagamentocomcartao", "fields": {"venda": 811, "bandeira": 1, "data_do_deposito": null, "valor": "93.5"}}, {"pk": 565, "model": "caixa.pagamentocomcartao", "fields": {"venda": 810, "bandeira": 1, "data_do_deposito": null, "valor": "136.4"}}, {"pk": 566, "model": "caixa.pagamentocomcartao", "fields": {"venda": 809, "bandeira": 3, "data_do_deposito": null, "valor": "125"}}, {"pk": 567, "model": "caixa.pagamentocomcartao", "fields": {"venda": 815, "bandeira": 1, "data_do_deposito": null, "valor": "46.8"}}, {"pk": 568, "model": "caixa.pagamentocomcartao", "fields": {"venda": 814, "bandeira": 1, "data_do_deposito": null, "valor": "130.5"}}, {"pk": 569, "model": "caixa.pagamentocomcartao", "fields": {"venda": 814, "bandeira": 3, "data_do_deposito": null, "valor": "84.15"}}, {"pk": 570, "model": "caixa.pagamentocomcartao", "fields": {"venda": 817, "bandeira": 3, "data_do_deposito": null, "valor": "129.8"}}, {"pk": 571, "model": "caixa.pagamentocomcartao", "fields": {"venda": 818, "bandeira": 2, "data_do_deposito": null, "valor": "103.95"}}, {"pk": 572, "model": "caixa.pagamentocomcartao", "fields": {"venda": 824, "bandeira": 1, "data_do_deposito": null, "valor": "85.8"}}, {"pk": 573, "model": "caixa.pagamentocomcartao", "fields": {"venda": 819, "bandeira": 1, "data_do_deposito": null, "valor": "61.6"}}, {"pk": 574, "model": "caixa.pagamentocomcartao", "fields": {"venda": 822, "bandeira": 2, "data_do_deposito": null, "valor": "236.5"}}, {"pk": 575, "model": "caixa.pagamentocomcartao", "fields": {"venda": 827, "bandeira": 2, "data_do_deposito": null, "valor": "118.8"}}, {"pk": 576, "model": "caixa.pagamentocomcartao", "fields": {"venda": 826, "bandeira": 5, "data_do_deposito": null, "valor": "41.25"}}, {"pk": 577, "model": "caixa.pagamentocomcartao", "fields": {"venda": 826, "bandeira": 2, "data_do_deposito": null, "valor": "41.25"}}, {"pk": 578, "model": "caixa.pagamentocomcartao", "fields": {"venda": 825, "bandeira": 2, "data_do_deposito": null, "valor": "103.4"}}, {"pk": 579, "model": "caixa.pagamentocomcartao", "fields": {"venda": 820, "bandeira": 3, "data_do_deposito": null, "valor": "120.5"}}, {"pk": 580, "model": "caixa.pagamentocomcartao", "fields": {"venda": 830, "bandeira": 3, "data_do_deposito": null, "valor": "169.4"}}, {"pk": 581, "model": "caixa.pagamentocomcartao", "fields": {"venda": 832, "bandeira": 1, "data_do_deposito": null, "valor": "89.1"}}, {"pk": 582, "model": "caixa.pagamentocomcartao", "fields": {"venda": 829, "bandeira": 1, "data_do_deposito": null, "valor": "117.7"}}, {"pk": 583, "model": "caixa.pagamentocomcartao", "fields": {"venda": 840, "bandeira": 3, "data_do_deposito": null, "valor": "117.7"}}, {"pk": 584, "model": "caixa.pagamentocomcartao", "fields": {"venda": 843, "bandeira": 3, "data_do_deposito": null, "valor": "56.1"}}, {"pk": 585, "model": "caixa.pagamentocomcartao", "fields": {"venda": 833, "bandeira": 1, "data_do_deposito": null, "valor": "367.5"}}, {"pk": 586, "model": "caixa.pagamentocomcartao", "fields": {"venda": 833, "bandeira": 2, "data_do_deposito": null, "valor": "122.5"}}, {"pk": 587, "model": "caixa.pagamentocomcartao", "fields": {"venda": 842, "bandeira": 1, "data_do_deposito": null, "valor": "88.5"}}, {"pk": 588, "model": "caixa.pagamentocomcartao", "fields": {"venda": 842, "bandeira": 3, "data_do_deposito": null, "valor": "182.6"}}, {"pk": 589, "model": "caixa.pagamentocomcartao", "fields": {"venda": 844, "bandeira": 1, "data_do_deposito": null, "valor": "87.45"}}, {"pk": 590, "model": "caixa.pagamentocomcartao", "fields": {"venda": 841, "bandeira": 1, "data_do_deposito": null, "valor": "146.5"}}, {"pk": 591, "model": "caixa.pagamentocomcartao", "fields": {"venda": 841, "bandeira": 4, "data_do_deposito": null, "valor": "58.4"}}, {"pk": 592, "model": "caixa.pagamentocomcartao", "fields": {"venda": 836, "bandeira": 3, "data_do_deposito": null, "valor": "86"}}, {"pk": 593, "model": "caixa.pagamentocomcartao", "fields": {"venda": 836, "bandeira": 1, "data_do_deposito": null, "valor": "86"}}, {"pk": 594, "model": "caixa.pagamentocomcartao", "fields": {"venda": 845, "bandeira": 3, "data_do_deposito": null, "valor": "130"}}, {"pk": 595, "model": "caixa.pagamentocomcartao", "fields": {"venda": 845, "bandeira": 1, "data_do_deposito": null, "valor": "47"}}, {"pk": 596, "model": "caixa.pagamentocomcartao", "fields": {"venda": 860, "bandeira": 4, "data_do_deposito": null, "valor": "121"}}, {"pk": 597, "model": "caixa.pagamentocomcartao", "fields": {"venda": 862, "bandeira": 1, "data_do_deposito": null, "valor": "191.5"}}, {"pk": 598, "model": "caixa.pagamentocomcartao", "fields": {"venda": 862, "bandeira": 2, "data_do_deposito": null, "valor": "100"}}, {"pk": 599, "model": "caixa.pagamentocomcartao", "fields": {"venda": 854, "bandeira": 2, "data_do_deposito": null, "valor": "143.1"}}, {"pk": 600, "model": "caixa.pagamentocomcartao", "fields": {"venda": 854, "bandeira": 3, "data_do_deposito": null, "valor": "100"}}, {"pk": 601, "model": "caixa.pagamentocomcartao", "fields": {"venda": 853, "bandeira": 3, "data_do_deposito": null, "valor": "301.95"}}, {"pk": 602, "model": "caixa.pagamentocomcartao", "fields": {"venda": 858, "bandeira": 1, "data_do_deposito": null, "valor": "20.35"}}, {"pk": 603, "model": "caixa.pagamentocomcartao", "fields": {"venda": 855, "bandeira": 4, "data_do_deposito": null, "valor": "57"}}, {"pk": 604, "model": "caixa.pagamentocomcartao", "fields": {"venda": 851, "bandeira": 1, "data_do_deposito": null, "valor": "53.9"}}, {"pk": 605, "model": "caixa.pagamentocomcartao", "fields": {"venda": 849, "bandeira": 3, "data_do_deposito": null, "valor": "167.2"}}, {"pk": 606, "model": "caixa.pagamentocomcartao", "fields": {"venda": 852, "bandeira": 1, "data_do_deposito": null, "valor": "146.3"}}, {"pk": 607, "model": "caixa.pagamentocomcartao", "fields": {"venda": 864, "bandeira": 3, "data_do_deposito": null, "valor": "173.25"}}, {"pk": 608, "model": "caixa.pagamentocomcartao", "fields": {"venda": 861, "bandeira": 1, "data_do_deposito": null, "valor": "30"}}, {"pk": 609, "model": "caixa.pagamentocomcartao", "fields": {"venda": 861, "bandeira": 4, "data_do_deposito": null, "valor": "71.75"}}, {"pk": 610, "model": "caixa.pagamentocomcartao", "fields": {"venda": 872, "bandeira": 2, "data_do_deposito": null, "valor": "108"}}, {"pk": 611, "model": "caixa.pagamentocomcartao", "fields": {"venda": 875, "bandeira": 1, "data_do_deposito": null, "valor": "187"}}, {"pk": 612, "model": "caixa.pagamentocomcartao", "fields": {"venda": 877, "bandeira": 3, "data_do_deposito": null, "valor": "60"}}, {"pk": 613, "model": "caixa.pagamentocomcartao", "fields": {"venda": 878, "bandeira": 4, "data_do_deposito": null, "valor": "86.9"}}, {"pk": 614, "model": "caixa.pagamentocomcartao", "fields": {"venda": 881, "bandeira": 4, "data_do_deposito": null, "valor": "27.5"}}, {"pk": 615, "model": "caixa.pagamentocomcartao", "fields": {"venda": 882, "bandeira": 4, "data_do_deposito": null, "valor": "29.2"}}, {"pk": 616, "model": "caixa.pagamentocomcartao", "fields": {"venda": 880, "bandeira": 1, "data_do_deposito": null, "valor": "105.05"}}, {"pk": 617, "model": "caixa.pagamentocomcartao", "fields": {"venda": 883, "bandeira": 1, "data_do_deposito": null, "valor": "67.1"}}, {"pk": 618, "model": "caixa.pagamentocomcartao", "fields": {"venda": 884, "bandeira": 4, "data_do_deposito": null, "valor": "58.3"}}, {"pk": 619, "model": "caixa.pagamentocomcartao", "fields": {"venda": 887, "bandeira": 2, "data_do_deposito": null, "valor": "64.4"}}, {"pk": 620, "model": "caixa.pagamentocomcartao", "fields": {"venda": 887, "bandeira": 4, "data_do_deposito": null, "valor": "74.2"}}, {"pk": 621, "model": "caixa.pagamentocomcartao", "fields": {"venda": 889, "bandeira": 4, "data_do_deposito": null, "valor": "96.8"}}, {"pk": 622, "model": "caixa.pagamentocomcartao", "fields": {"venda": 886, "bandeira": 1, "data_do_deposito": null, "valor": "127.05"}}, {"pk": 623, "model": "caixa.pagamentocomcartao", "fields": {"venda": 888, "bandeira": 1, "data_do_deposito": null, "valor": "175.45"}}, {"pk": 624, "model": "caixa.pagamentocomcartao", "fields": {"venda": 891, "bandeira": 3, "data_do_deposito": null, "valor": "117.7"}}, {"pk": 625, "model": "caixa.pagamentocomcartao", "fields": {"venda": 892, "bandeira": 3, "data_do_deposito": null, "valor": "125.95"}}, {"pk": 626, "model": "caixa.pagamentocomcartao", "fields": {"venda": 893, "bandeira": 2, "data_do_deposito": null, "valor": "342"}}, {"pk": 627, "model": "caixa.pagamentocomcartao", "fields": {"venda": 897, "bandeira": 4, "data_do_deposito": null, "valor": "74.8"}}, {"pk": 628, "model": "caixa.pagamentocomcartao", "fields": {"venda": 899, "bandeira": 2, "data_do_deposito": null, "valor": "66"}}, {"pk": 629, "model": "caixa.pagamentocomcartao", "fields": {"venda": 900, "bandeira": 4, "data_do_deposito": null, "valor": "61.6"}}, {"pk": 630, "model": "caixa.pagamentocomcartao", "fields": {"venda": 901, "bandeira": 3, "data_do_deposito": null, "valor": "13.2"}}, {"pk": 631, "model": "caixa.pagamentocomcartao", "fields": {"venda": 905, "bandeira": 2, "data_do_deposito": null, "valor": "96.8"}}, {"pk": 632, "model": "caixa.pagamentocomcartao", "fields": {"venda": 906, "bandeira": 1, "data_do_deposito": null, "valor": "91.3"}}, {"pk": 633, "model": "caixa.pagamentocomcartao", "fields": {"venda": 907, "bandeira": 4, "data_do_deposito": null, "valor": "62.2"}}, {"pk": 634, "model": "caixa.pagamentocomcartao", "fields": {"venda": 908, "bandeira": 4, "data_do_deposito": null, "valor": "70.4"}}, {"pk": 635, "model": "caixa.pagamentocomcartao", "fields": {"venda": 909, "bandeira": 3, "data_do_deposito": null, "valor": "64.25"}}, {"pk": 636, "model": "caixa.pagamentocomcartao", "fields": {"venda": 907, "bandeira": 1, "data_do_deposito": null, "valor": "50"}}, {"pk": 637, "model": "caixa.pagamentocomcartao", "fields": {"venda": 914, "bandeira": 1, "data_do_deposito": null, "valor": "121"}}, {"pk": 638, "model": "caixa.pagamentocomcartao", "fields": {"venda": 916, "bandeira": 3, "data_do_deposito": null, "valor": "89.65"}}, {"pk": 639, "model": "caixa.pagamentocomcartao", "fields": {"venda": 917, "bandeira": 1, "data_do_deposito": null, "valor": "80.2"}}, {"pk": 640, "model": "caixa.pagamentocomcartao", "fields": {"venda": 917, "bandeira": 1, "data_do_deposito": null, "valor": "120"}}, {"pk": 641, "model": "caixa.pagamentocomcartao", "fields": {"venda": 919, "bandeira": 2, "data_do_deposito": null, "valor": "70"}}, {"pk": 642, "model": "caixa.pagamentocomcartao", "fields": {"venda": 919, "bandeira": 1, "data_do_deposito": null, "valor": "70"}}, {"pk": 643, "model": "caixa.pagamentocomcartao", "fields": {"venda": 920, "bandeira": 1, "data_do_deposito": null, "valor": "103.15"}}, {"pk": 644, "model": "caixa.pagamentocomcartao", "fields": {"venda": 922, "bandeira": 4, "data_do_deposito": null, "valor": "61"}}, {"pk": 645, "model": "caixa.pagamentocomcartao", "fields": {"venda": 923, "bandeira": 1, "data_do_deposito": null, "valor": "10"}}, {"pk": 646, "model": "caixa.pagamentocomcartao", "fields": {"venda": 924, "bandeira": 1, "data_do_deposito": null, "valor": "130.9"}}, {"pk": 647, "model": "caixa.pagamentocomcartao", "fields": {"venda": 925, "bandeira": 2, "data_do_deposito": null, "valor": "75.7"}}, {"pk": 648, "model": "caixa.pagamentocomcartao", "fields": {"venda": 925, "bandeira": 4, "data_do_deposito": null, "valor": "75"}}, {"pk": 649, "model": "caixa.pagamentocomcartao", "fields": {"venda": 926, "bandeira": 4, "data_do_deposito": null, "valor": "15.4"}}, {"pk": 650, "model": "caixa.pagamentocomcartao", "fields": {"venda": 927, "bandeira": 2, "data_do_deposito": null, "valor": "113.3"}}, {"pk": 651, "model": "caixa.pagamentocomcartao", "fields": {"venda": 928, "bandeira": 2, "data_do_deposito": null, "valor": "108.9"}}, {"pk": 652, "model": "caixa.pagamentocomcartao", "fields": {"venda": 929, "bandeira": 3, "data_do_deposito": null, "valor": "112.75"}}, {"pk": 653, "model": "caixa.pagamentocomcartao", "fields": {"venda": 930, "bandeira": 1, "data_do_deposito": null, "valor": "218.35"}}, {"pk": 654, "model": "caixa.pagamentocomcartao", "fields": {"venda": 932, "bandeira": 3, "data_do_deposito": null, "valor": "169.15"}}, {"pk": 655, "model": "caixa.pagamentocomcartao", "fields": {"venda": 933, "bandeira": 1, "data_do_deposito": null, "valor": "40"}}, {"pk": 656, "model": "caixa.pagamentocomcartao", "fields": {"venda": 933, "bandeira": 3, "data_do_deposito": null, "valor": "40"}}, {"pk": 657, "model": "caixa.pagamentocomcartao", "fields": {"venda": 935, "bandeira": 4, "data_do_deposito": null, "valor": "70.4"}}, {"pk": 658, "model": "caixa.pagamentocomcartao", "fields": {"venda": 934, "bandeira": 2, "data_do_deposito": null, "valor": "53.35"}}, {"pk": 659, "model": "caixa.pagamentocomcartao", "fields": {"venda": 936, "bandeira": 4, "data_do_deposito": null, "valor": "40"}}, {"pk": 660, "model": "caixa.pagamentocomcartao", "fields": {"venda": 937, "bandeira": 1, "data_do_deposito": null, "valor": "54.45"}}, {"pk": 661, "model": "caixa.pagamentocomcartao", "fields": {"venda": 941, "bandeira": 1, "data_do_deposito": null, "valor": "26"}}, {"pk": 662, "model": "caixa.pagamentocomcartao", "fields": {"venda": 944, "bandeira": 2, "data_do_deposito": null, "valor": "85.8"}}, {"pk": 663, "model": "caixa.pagamentocomcartao", "fields": {"venda": 945, "bandeira": 2, "data_do_deposito": null, "valor": "61"}}, {"pk": 664, "model": "caixa.pagamentocomcartao", "fields": {"venda": 947, "bandeira": 4, "data_do_deposito": null, "valor": "103.4"}}, {"pk": 665, "model": "caixa.pagamentocomcartao", "fields": {"venda": 949, "bandeira": 1, "data_do_deposito": null, "valor": "79.75"}}, {"pk": 666, "model": "caixa.pagamentocomcartao", "fields": {"venda": 950, "bandeira": 2, "data_do_deposito": null, "valor": "77"}}, {"pk": 667, "model": "caixa.pagamentocomcartao", "fields": {"venda": 951, "bandeira": 2, "data_do_deposito": null, "valor": "110"}}, {"pk": 668, "model": "caixa.pagamentocomcartao", "fields": {"venda": 953, "bandeira": 1, "data_do_deposito": null, "valor": "41.8"}}, {"pk": 669, "model": "caixa.pagamentocomcartao", "fields": {"venda": 954, "bandeira": 1, "data_do_deposito": null, "valor": "99.55"}}, {"pk": 670, "model": "caixa.pagamentocomcartao", "fields": {"venda": 952, "bandeira": 1, "data_do_deposito": null, "valor": "110"}}, {"pk": 671, "model": "caixa.pagamentocomcartao", "fields": {"venda": 955, "bandeira": 1, "data_do_deposito": null, "valor": "58"}}, {"pk": 672, "model": "caixa.pagamentocomcartao", "fields": {"venda": 955, "bandeira": 2, "data_do_deposito": null, "valor": "58"}}, {"pk": 673, "model": "caixa.pagamentocomcartao", "fields": {"venda": 957, "bandeira": 4, "data_do_deposito": null, "valor": "30"}}, {"pk": 674, "model": "caixa.pagamentocomcartao", "fields": {"venda": 959, "bandeira": 2, "data_do_deposito": null, "valor": "79.75"}}, {"pk": 675, "model": "caixa.pagamentocomcartao", "fields": {"venda": 958, "bandeira": 1, "data_do_deposito": null, "valor": "82.5"}}, {"pk": 676, "model": "caixa.pagamentocomcartao", "fields": {"venda": 961, "bandeira": 2, "data_do_deposito": null, "valor": "110"}}, {"pk": 677, "model": "caixa.pagamentocomcartao", "fields": {"venda": 962, "bandeira": 1, "data_do_deposito": null, "valor": "48.4"}}, {"pk": 678, "model": "caixa.pagamentocomcartao", "fields": {"venda": 963, "bandeira": 1, "data_do_deposito": null, "valor": "172.7"}}, {"pk": 679, "model": "caixa.pagamentocomcartao", "fields": {"venda": 965, "bandeira": 4, "data_do_deposito": null, "valor": "44"}}, {"pk": 680, "model": "caixa.pagamentocomcartao", "fields": {"venda": 966, "bandeira": 2, "data_do_deposito": null, "valor": "74.8"}}, {"pk": 681, "model": "caixa.pagamentocomcartao", "fields": {"venda": 960, "bandeira": 1, "data_do_deposito": null, "valor": "119"}}, {"pk": 682, "model": "caixa.pagamentocomcartao", "fields": {"venda": 969, "bandeira": 4, "data_do_deposito": null, "valor": "116.6"}}, {"pk": 683, "model": "caixa.pagamentocomcartao", "fields": {"venda": 971, "bandeira": 2, "data_do_deposito": null, "valor": "72.6"}}, {"pk": 684, "model": "caixa.pagamentocomcartao", "fields": {"venda": 973, "bandeira": 1, "data_do_deposito": null, "valor": "218.9"}}, {"pk": 685, "model": "caixa.pagamentocomcartao", "fields": {"venda": 977, "bandeira": 3, "data_do_deposito": null, "valor": "84.7"}}, {"pk": 686, "model": "caixa.pagamentocomcartao", "fields": {"venda": 975, "bandeira": 2, "data_do_deposito": null, "valor": "58.95"}}, {"pk": 687, "model": "caixa.pagamentocomcartao", "fields": {"venda": 975, "bandeira": 3, "data_do_deposito": null, "valor": "100"}}, {"pk": 688, "model": "caixa.pagamentocomcartao", "fields": {"venda": 978, "bandeira": 2, "data_do_deposito": null, "valor": "117.7"}}, {"pk": 689, "model": "caixa.pagamentocomcartao", "fields": {"venda": 980, "bandeira": 1, "data_do_deposito": null, "valor": "293.7"}}, {"pk": 690, "model": "caixa.pagamentocomcartao", "fields": {"venda": 989, "bandeira": 4, "data_do_deposito": null, "valor": "74.8"}}, {"pk": 691, "model": "caixa.pagamentocomcartao", "fields": {"venda": 990, "bandeira": 2, "data_do_deposito": null, "valor": "561.55"}}, {"pk": 692, "model": "caixa.pagamentocomcartao", "fields": {"venda": 985, "bandeira": 4, "data_do_deposito": null, "valor": "110"}}, {"pk": 693, "model": "caixa.pagamentocomcartao", "fields": {"venda": 985, "bandeira": 2, "data_do_deposito": null, "valor": "78.2"}}, {"pk": 694, "model": "caixa.pagamentocomcartao", "fields": {"venda": 986, "bandeira": 1, "data_do_deposito": null, "valor": "92.4"}}, {"pk": 695, "model": "caixa.pagamentocomcartao", "fields": {"venda": 991, "bandeira": 3, "data_do_deposito": null, "valor": "353.1"}}, {"pk": 696, "model": "caixa.pagamentocomcartao", "fields": {"venda": 982, "bandeira": 1, "data_do_deposito": null, "valor": "166"}}, {"pk": 697, "model": "caixa.pagamentocomcartao", "fields": {"venda": 992, "bandeira": 4, "data_do_deposito": null, "valor": "57"}}, {"pk": 698, "model": "caixa.pagamentocomcartao", "fields": {"venda": 993, "bandeira": 1, "data_do_deposito": null, "valor": "91.85"}}, {"pk": 699, "model": "caixa.pagamentocomcartao", "fields": {"venda": 995, "bandeira": 2, "data_do_deposito": null, "valor": "57.2"}}, {"pk": 700, "model": "caixa.pagamentocomcartao", "fields": {"venda": 996, "bandeira": 2, "data_do_deposito": null, "valor": "61.05"}}, {"pk": 701, "model": "caixa.pagamentocomcartao", "fields": {"venda": 997, "bandeira": 1, "data_do_deposito": null, "valor": "96.8"}}, {"pk": 702, "model": "caixa.pagamentocomcartao", "fields": {"venda": 1002, "bandeira": 1, "data_do_deposito": null, "valor": "86.35"}}, {"pk": 703, "model": "caixa.pagamentocomcartao", "fields": {"venda": 1001, "bandeira": 4, "data_do_deposito": null, "valor": "73.7"}}, {"pk": 704, "model": "caixa.pagamentocomcartao", "fields": {"venda": 1003, "bandeira": 4, "data_do_deposito": null, "valor": "129.25"}}, {"pk": 705, "model": "caixa.pagamentocomcartao", "fields": {"venda": 1004, "bandeira": 1, "data_do_deposito": null, "valor": "99"}}, {"pk": 706, "model": "caixa.pagamentocomcartao", "fields": {"venda": 1006, "bandeira": 4, "data_do_deposito": null, "valor": "76"}}, {"pk": 707, "model": "caixa.pagamentocomcartao", "fields": {"venda": 1006, "bandeira": 1, "data_do_deposito": null, "valor": "130"}}, {"pk": 708, "model": "caixa.pagamentocomcartao", "fields": {"venda": 1007, "bandeira": 2, "data_do_deposito": null, "valor": "107.8"}}, {"pk": 709, "model": "caixa.pagamentocomcartao", "fields": {"venda": 1008, "bandeira": 1, "data_do_deposito": null, "valor": "41"}}, {"pk": 710, "model": "caixa.pagamentocomcartao", "fields": {"venda": 1009, "bandeira": 2, "data_do_deposito": null, "valor": "41.8"}}, {"pk": 711, "model": "caixa.pagamentocomcartao", "fields": {"venda": 1013, "bandeira": 4, "data_do_deposito": null, "valor": "65"}}, {"pk": 712, "model": "caixa.pagamentocomcartao", "fields": {"venda": 1014, "bandeira": 2, "data_do_deposito": null, "valor": "139.7"}}, {"pk": 713, "model": "caixa.pagamentocomcartao", "fields": {"venda": 1015, "bandeira": 1, "data_do_deposito": null, "valor": "26.4"}}, {"pk": 714, "model": "caixa.pagamentocomcartao", "fields": {"venda": 1017, "bandeira": 4, "data_do_deposito": null, "valor": "74.8"}}, {"pk": 715, "model": "caixa.pagamentocomcartao", "fields": {"venda": 1016, "bandeira": 4, "data_do_deposito": null, "valor": "149.6"}}, {"pk": 716, "model": "caixa.pagamentocomcartao", "fields": {"venda": 1019, "bandeira": 4, "data_do_deposito": null, "valor": "32.45"}}, {"pk": 717, "model": "caixa.pagamentocomcartao", "fields": {"venda": 1020, "bandeira": 4, "data_do_deposito": null, "valor": "135.3"}}, {"pk": 718, "model": "caixa.pagamentocomcartao", "fields": {"venda": 1021, "bandeira": 4, "data_do_deposito": null, "valor": "117.7"}}, {"pk": 719, "model": "caixa.pagamentocomcartao", "fields": {"venda": 1023, "bandeira": 5, "data_do_deposito": null, "valor": "63.8"}}, {"pk": 720, "model": "caixa.pagamentocomcartao", "fields": {"venda": 1027, "bandeira": 3, "data_do_deposito": null, "valor": "44"}}, {"pk": 721, "model": "caixa.pagamentocomcartao", "fields": {"venda": 1029, "bandeira": 3, "data_do_deposito": null, "valor": "89.15"}}, {"pk": 722, "model": "caixa.pagamentocomcartao", "fields": {"venda": 1030, "bandeira": 1, "data_do_deposito": null, "valor": "112.2"}}, {"pk": 723, "model": "caixa.pagamentocomcartao", "fields": {"venda": 1031, "bandeira": 1, "data_do_deposito": null, "valor": "78.1"}}, {"pk": 724, "model": "caixa.pagamentocomcartao", "fields": {"venda": 1032, "bandeira": 2, "data_do_deposito": null, "valor": "100"}}, {"pk": 725, "model": "caixa.pagamentocomcartao", "fields": {"venda": 1038, "bandeira": 3, "data_do_deposito": null, "valor": "78.1"}}, {"pk": 726, "model": "caixa.pagamentocomcartao", "fields": {"venda": 1039, "bandeira": 2, "data_do_deposito": null, "valor": "131.45"}}, {"pk": 727, "model": "caixa.pagamentocomcartao", "fields": {"venda": 1042, "bandeira": 4, "data_do_deposito": null, "valor": "70.4"}}, {"pk": 728, "model": "caixa.pagamentocomcartao", "fields": {"venda": 1047, "bandeira": 1, "data_do_deposito": null, "valor": "19.8"}}, {"pk": 729, "model": "caixa.pagamentocomcartao", "fields": {"venda": 1046, "bandeira": 4, "data_do_deposito": null, "valor": "55"}}, {"pk": 730, "model": "caixa.pagamentocomcartao", "fields": {"venda": 1043, "bandeira": 4, "data_do_deposito": null, "valor": "66"}}, {"pk": 731, "model": "caixa.pagamentocomcartao", "fields": {"venda": 1044, "bandeira": 3, "data_do_deposito": null, "valor": "56.65"}}, {"pk": 732, "model": "caixa.pagamentocomcartao", "fields": {"venda": 1048, "bandeira": 1, "data_do_deposito": null, "valor": "100"}}, {"pk": 733, "model": "caixa.pagamentocomcartao", "fields": {"venda": 1049, "bandeira": 4, "data_do_deposito": null, "valor": "59.3"}}, {"pk": 734, "model": "caixa.pagamentocomcartao", "fields": {"venda": 1050, "bandeira": 2, "data_do_deposito": null, "valor": "64"}}, {"pk": 735, "model": "caixa.pagamentocomcartao", "fields": {"venda": 1051, "bandeira": 4, "data_do_deposito": null, "valor": "102.85"}}, {"pk": 736, "model": "caixa.pagamentocomcartao", "fields": {"venda": 1053, "bandeira": 1, "data_do_deposito": null, "valor": "126.5"}}, {"pk": 737, "model": "caixa.pagamentocomcartao", "fields": {"venda": 1055, "bandeira": 2, "data_do_deposito": null, "valor": "72.6"}}, {"pk": 738, "model": "caixa.pagamentocomcartao", "fields": {"venda": 1054, "bandeira": 2, "data_do_deposito": null, "valor": "90"}}, {"pk": 739, "model": "caixa.pagamentocomcartao", "fields": {"venda": 1056, "bandeira": 4, "data_do_deposito": null, "valor": "61.6"}}, {"pk": 740, "model": "caixa.pagamentocomcartao", "fields": {"venda": 1058, "bandeira": 3, "data_do_deposito": null, "valor": "75.9"}}, {"pk": 741, "model": "caixa.pagamentocomcartao", "fields": {"venda": 1059, "bandeira": 1, "data_do_deposito": null, "valor": "88"}}, {"pk": 742, "model": "caixa.pagamentocomcartao", "fields": {"venda": 1060, "bandeira": 4, "data_do_deposito": null, "valor": "99"}}, {"pk": 743, "model": "caixa.pagamentocomcartao", "fields": {"venda": 1061, "bandeira": 3, "data_do_deposito": null, "valor": "40"}}, {"pk": 744, "model": "caixa.pagamentocomcartao", "fields": {"venda": 1061, "bandeira": 2, "data_do_deposito": null, "valor": "45"}}, {"pk": 745, "model": "caixa.pagamentocomcartao", "fields": {"venda": 1065, "bandeira": 2, "data_do_deposito": null, "valor": "144"}}, {"pk": 746, "model": "caixa.pagamentocomcartao", "fields": {"venda": 1063, "bandeira": 1, "data_do_deposito": null, "valor": "20"}}, {"pk": 1, "model": "caixa.categoriademovimentacao", "fields": {"mae": null, "slug": "telefone", "nome": "Telefone"}}, {"pk": 2, "model": "caixa.categoriademovimentacao", "fields": {"mae": null, "slug": "prestacao-de-servico", "nome": "Presta\u00e7\u00e3o de servi\u00e7o"}}, {"pk": 3, "model": "caixa.categoriademovimentacao", "fields": {"mae": null, "slug": "marketing", "nome": "Marketing"}}, {"pk": 4, "model": "caixa.categoriademovimentacao", "fields": {"mae": null, "slug": "impostos", "nome": "Impostos"}}, {"pk": 5, "model": "caixa.categoriademovimentacao", "fields": {"mae": null, "slug": "manutencao-predial", "nome": "Manuten\u00e7\u00e3o Predial"}}, {"pk": 6, "model": "caixa.categoriademovimentacao", "fields": {"mae": null, "slug": "aluguel", "nome": "Aluguel"}}, {"pk": 7, "model": "caixa.categoriademovimentacao", "fields": {"mae": null, "slug": "taxas", "nome": "Taxas"}}, {"pk": 8, "model": "caixa.categoriademovimentacao", "fields": {"mae": null, "slug": "fornecedor", "nome": "Fornecedor"}}, {"pk": 9, "model": "caixa.categoriademovimentacao", "fields": {"mae": null, "slug": "tarifas-bancarias", "nome": "Tarifas banc\u00e1rias"}}, {"pk": 10, "model": "caixa.categoriademovimentacao", "fields": {"mae": null, "slug": "energia", "nome": "Energia"}}, {"pk": 11, "model": "caixa.categoriademovimentacao", "fields": {"mae": null, "slug": "contador", "nome": "Contador"}}, {"pk": 12, "model": "caixa.categoriademovimentacao", "fields": {"mae": null, "slug": "pessoal", "nome": "Pessoal"}}, {"pk": 13, "model": "caixa.categoriademovimentacao", "fields": {"mae": null, "slug": "retirada", "nome": "Retirada"}}, {"pk": 14, "model": "caixa.categoriademovimentacao", "fields": {"mae": 12, "slug": "extra", "nome": "Extra"}}, {"pk": 15, "model": "caixa.categoriademovimentacao", "fields": {"mae": 12, "slug": "salario", "nome": "Sal\u00e1rio"}}, {"pk": 16, "model": "caixa.categoriademovimentacao", "fields": {"mae": 8, "slug": "acougue", "nome": "A\u00e7ougue"}}, {"pk": 17, "model": "caixa.categoriademovimentacao", "fields": {"mae": 8, "slug": "mercearia", "nome": "Mercearia"}}, {"pk": 18, "model": "caixa.categoriademovimentacao", "fields": {"mae": 8, "slug": "alemaes", "nome": "Alem\u00e3es"}}, {"pk": 19, "model": "caixa.categoriademovimentacao", "fields": {"mae": 8, "slug": "bebidas", "nome": "Bebidas"}}, {"pk": 20, "model": "caixa.categoriademovimentacao", "fields": {"mae": 8, "slug": "nao-vendavel", "nome": "N\u00e3o-vend\u00e1vel"}}, {"pk": 21, "model": "caixa.categoriademovimentacao", "fields": {"mae": 12, "slug": "10", "nome": "10%"}}, {"pk": 22, "model": "caixa.categoriademovimentacao", "fields": {"mae": null, "slug": "telefone", "nome": "Telefone"}}, {"pk": 23, "model": "caixa.categoriademovimentacao", "fields": {"mae": null, "slug": "prestacao-de-servico", "nome": "Presta\u00e7\u00e3o de servi\u00e7o"}}, {"pk": 24, "model": "caixa.categoriademovimentacao", "fields": {"mae": null, "slug": "marketing", "nome": "Marketing"}}, {"pk": 25, "model": "caixa.categoriademovimentacao", "fields": {"mae": null, "slug": "impostos", "nome": "Impostos"}}, {"pk": 26, "model": "caixa.categoriademovimentacao", "fields": {"mae": null, "slug": "manutencao-predial", "nome": "Manuten\u00e7\u00e3o Predial"}}, {"pk": 27, "model": "caixa.categoriademovimentacao", "fields": {"mae": null, "slug": "aluguel", "nome": "Aluguel"}}, {"pk": 28, "model": "caixa.categoriademovimentacao", "fields": {"mae": null, "slug": "taxas", "nome": "Taxas"}}, {"pk": 29, "model": "caixa.categoriademovimentacao", "fields": {"mae": null, "slug": "fornecedor", "nome": "Fornecedor"}}, {"pk": 30, "model": "caixa.categoriademovimentacao", "fields": {"mae": null, "slug": "tarifas-bancarias", "nome": "Tarifas banc\u00e1rias"}}, {"pk": 31, "model": "caixa.categoriademovimentacao", "fields": {"mae": null, "slug": "energia", "nome": "Energia"}}, {"pk": 32, "model": "caixa.categoriademovimentacao", "fields": {"mae": null, "slug": "contador", "nome": "Contador"}}, {"pk": 33, "model": "caixa.categoriademovimentacao", "fields": {"mae": null, "slug": "pessoal", "nome": "Pessoal"}}, {"pk": 34, "model": "caixa.categoriademovimentacao", "fields": {"mae": null, "slug": "retirada", "nome": "Retirada"}}, {"pk": 35, "model": "caixa.categoriademovimentacao", "fields": {"mae": 33, "slug": "extra", "nome": "Extra"}}, {"pk": 36, "model": "caixa.categoriademovimentacao", "fields": {"mae": 33, "slug": "salario", "nome": "Sal\u00e1rio"}}, {"pk": 37, "model": "caixa.categoriademovimentacao", "fields": {"mae": 29, "slug": "acougue", "nome": "A\u00e7ougue"}}, {"pk": 38, "model": "caixa.categoriademovimentacao", "fields": {"mae": 29, "slug": "mercearia", "nome": "Mercearia"}}, {"pk": 39, "model": "caixa.categoriademovimentacao", "fields": {"mae": 29, "slug": "alemaes", "nome": "Alem\u00e3es"}}, {"pk": 40, "model": "caixa.categoriademovimentacao", "fields": {"mae": 29, "slug": "bebidas", "nome": "Bebidas"}}, {"pk": 41, "model": "caixa.categoriademovimentacao", "fields": {"mae": 29, "slug": "nao-vendavel", "nome": "N\u00e3o-vend\u00e1vel"}}, {"pk": 42, "model": "caixa.categoriademovimentacao", "fields": {"mae": 33, "slug": "10", "nome": "10%"}}, {"pk": 1, "model": "django_evolution.version", "fields": {"when": "2013-05-17T23:36:52.763", "signature": "(dp1\nS'caixa'\np2\nccopy_reg\n_reconstructor\np3\n(cdjango.utils.datastructures\nSortedDict\np4\nc__builtin__\ndict\np5\n(dp6\nS'PagamentoComCartao'\np7\n(dp8\nS'fields'\np9\n(dp10\nS'venda'\np11\n(dp12\nS'field_type'\np13\ncdjango.db.models.fields.related\nForeignKey\np14\nsS'related_model'\np15\nVcaixa.Venda\np16\nssS'bandeira'\np17\n(dp18\ng13\ng14\nsg15\nVcaixa.Bandeira\np19\nssVid\np20\n(dp21\ng13\ncdjango.db.models.fields\nAutoField\np22\nsS'primary_key'\np23\nI01\nssS'data_do_deposito'\np24\n(dp25\ng13\ncdjango.db.models.fields\nDateField\np26\nsS'null'\np27\nI01\nssS'valor'\np28\n(dp29\ng13\ncdjango.db.models.fields\nDecimalField\np30\nsS'max_digits'\np31\nI10\nsS'decimal_places'\np32\nI2\nsssS'meta'\np33\n(dp34\nS'unique_together'\np35\n(lp36\nsS'db_table'\np37\nVcaixa_pagamentocomcartao\np38\nsS'db_tablespace'\np39\nS''\nsS'pk_column'\np40\ng20\nsssS'MovimentacaoBancaria'\np41\n(dp42\ng9\n(dp43\nS'categoria'\np44\n(dp45\ng13\ng14\nsg27\nI01\nsg15\nVcaixa.CategoriaDeMovimentacao\np46\nssS'pgto_cartao'\np47\n(dp48\ng13\ng14\nsg27\nI01\nsg15\nVcaixa.PagamentoComCartao\np49\nssS'dia'\np50\n(dp51\ng13\ng14\nsg15\nVcaixa.Dia\np52\nssg28\n(dp53\ng13\ng30\nsg31\nI10\nsg32\nI2\nssg20\n(dp54\ng13\ng22\nsg23\nI01\nssS'descricao'\np55\n(dp56\ng13\ncdjango.db.models.fields\nCharField\np57\nsS'max_length'\np58\nI150\nsssg33\n(dp59\ng35\n(lp60\nsg37\nVcaixa_movimentacaobancaria\np61\nsg39\nS''\nsg40\ng20\nsssS'Dia'\np62\n(dp63\ng9\n(dp64\nS'dia_da_semana'\np65\n(dp66\ng13\ncdjango.db.models.fields\nIntegerField\np67\nsg27\nI01\nssS'data'\np68\n(dp69\ng13\ng26\nsS'unique'\np70\nI01\nssg20\n(dp71\ng13\ng22\nsg23\nI01\nssS'anotacoes'\np72\n(dp73\ng13\ncdjango.db.models.fields\nTextField\np74\nsssg33\n(dp75\ng35\n(lp76\nsg37\nVcaixa_dia\np77\nsg39\nS''\nsg40\ng20\nsssS'CategoriaDeMovimentacao'\np78\n(dp79\ng9\n(dp80\nS'slug'\np81\n(dp82\ng13\ncdjango.db.models.fields\nSlugField\np83\nsg58\nI50\nsS'db_index'\np84\nI01\nssS'mae'\np85\n(dp86\ng13\ng14\nsg27\nI01\nsg15\nVcaixa.CategoriaDeMovimentacao\np87\nssg20\n(dp88\ng13\ng22\nsg23\nI01\nssS'nome'\np89\n(dp90\ng13\ng57\nsg58\nI200\nsssg33\n(dp91\ng35\n(lp92\nsg37\nVcaixa_categoriademovimentacao\np93\nsg39\nS''\nsg40\ng20\nsssS'DespesaDeCaixa'\np94\n(dp95\ng9\n(dp96\ng44\n(dp97\ng13\ng14\nsg27\nI01\nsg15\nVcaixa.CategoriaDeMovimentacao\np98\nssg28\n(dp99\ng13\ng30\nsg31\nI10\nsg32\nI2\nssg20\n(dp100\ng13\ng22\nsg23\nI01\nssg55\n(dp101\ng13\ng57\nsg58\nI150\nssg50\n(dp102\ng13\ng14\nsg15\nVcaixa.Dia\np103\nsssg33\n(dp104\ng35\n(lp105\nsg37\nVcaixa_despesadecaixa\np106\nsg39\nS''\nsg40\ng20\nsssS'Venda'\np107\n(dp108\ng9\n(dp109\nS'permanencia'\np110\n(dp111\ng13\ng67\nsg27\nI01\nssg44\n(dp112\ng13\ng57\nsg58\nI1\nssS'fechada'\np113\n(dp114\ng13\ncdjango.db.models.fields\nBooleanField\np115\nssS'hora_saida'\np116\n(dp117\ng13\ncdjango.db.models.fields\nTimeField\np118\nsg27\nI01\nssS'conta'\np119\n(dp120\ng13\ng30\nsg31\nI10\nsg32\nI2\nssS'pgto_cheque'\np121\n(dp122\ng13\ng30\nsg31\nI10\nsg32\nI2\nssS'num_pessoas'\np123\n(dp124\ng13\ng67\nsg27\nI01\nssS'pousada_que_indicou'\np125\n(dp126\ng13\ng57\nsg58\nI20\nssg50\n(dp127\ng13\ng14\nsg15\nVcaixa.Dia\np128\nssS'gorjeta'\np129\n(dp130\ng13\ng30\nsg31\nI10\nsg32\nI2\nssS'cidade_de_origem'\np131\n(dp132\ng13\ng57\nsg58\nI20\nssS'pgto_dinheiro'\np133\n(dp134\ng13\ng30\nsg31\nI10\nsg32\nI2\nssS'mesa'\np135\n(dp136\ng13\ng57\nsg58\nI10\nssS'transacao_10p'\np137\n(dp138\ng13\ng14\nsg27\nI01\nsg15\nVcontabil.Transacao\np139\nssS'hora_entrada'\np140\n(dp141\ng13\ng118\nssg20\n(dp142\ng13\ng22\nsg23\nI01\nsssg33\n(dp143\ng35\n(lp144\nsg37\nVcaixa_venda\np145\nsg39\nS''\nsg40\ng20\nsssS'Bandeira'\np146\n(dp147\ng9\n(dp148\ng44\n(dp149\ng13\ng57\nsg58\nI1\nssg89\n(dp150\ng13\ng57\nsg58\nI20\nssS'taxa'\np151\n(dp152\ng13\ng30\nsg31\nI6\nsg32\nI5\nssS'ativa'\np153\n(dp154\ng13\ng115\nssS'contagem_de_dias'\np155\n(dp156\ng13\ng57\nsg58\nI1\nssS'prazo_de_deposito'\np157\n(dp158\ng13\ng67\nssg20\n(dp159\ng13\ng22\nsg23\nI01\nsssg33\n(dp160\ng35\n(lp161\nsg37\nVcaixa_bandeira\np162\nsg39\nS''\nsg40\ng20\nsssS'AjusteDeCaixa'\np163\n(dp164\ng9\n(dp165\ng28\n(dp166\ng13\ng30\nsg31\nI10\nsg32\nI2\nssg20\n(dp167\ng13\ng22\nsg23\nI01\nssg55\n(dp168\ng13\ng57\nsg58\nI150\nssg50\n(dp169\ng13\ng14\nsg15\nVcaixa.Dia\np170\nsssg33\n(dp171\ng35\n(lp172\nsg37\nVcaixa_ajustedecaixa\np173\nsg39\nS''\nsg40\ng20\nssstRp174\n(dp175\nS'keyOrder'\np176\n(lp177\ng62\nag146\nag7\nag107\nag163\nag78\nag94\nag41\nasbsS'relatorios'\np178\ng3\n(g4\ng5\n(dtRp179\n(dp180\ng176\n(lp181\nsbsS'sessions'\np182\ng3\n(g4\ng5\n(dp183\nS'Session'\np184\n(dp185\ng9\n(dp186\nS'session_key'\np187\n(dp188\ng13\ng57\nsg58\nI40\nsg23\nI01\nssS'expire_date'\np189\n(dp190\ng13\ncdjango.db.models.fields\nDateTimeField\np191\nsg84\nI01\nssS'session_data'\np192\n(dp193\ng13\ng74\nsssg33\n(dp194\ng35\n(lp195\nsg37\nS'django_session'\np196\nsg39\nS''\nsg40\ng187\nssstRp197\n(dp198\ng176\n(lp199\ng184\nasbsS'admin'\np200\ng3\n(g4\ng5\n(dp201\nS'LogEntry'\np202\n(dp203\ng9\n(dp204\nS'action_flag'\np205\n(dp206\ng13\ncdjango.db.models.fields\nPositiveSmallIntegerField\np207\nssS'action_time'\np208\n(dp209\ng13\ng191\nssS'object_repr'\np210\n(dp211\ng13\ng57\nsg58\nI200\nssS'object_id'\np212\n(dp213\ng13\ng74\nsg27\nI01\nssS'change_message'\np214\n(dp215\ng13\ng74\nssS'user'\np216\n(dp217\ng13\ng14\nsg15\nVauth.User\np218\nssS'content_type'\np219\n(dp220\ng13\ng14\nsg27\nI01\nsg15\nVcontenttypes.ContentType\np221\nssg20\n(dp222\ng13\ng22\nsg23\nI01\nsssg33\n(dp223\ng35\n(lp224\nsg37\nVdjango_admin_log\np225\nsg39\nS''\nsg40\ng20\nssstRp226\n(dp227\ng176\n(lp228\ng202\nasbsS'messages'\np229\ng3\n(g4\ng5\n(dtRp230\n(dp231\ng176\n(lp232\nsbsS'auth'\np233\ng3\n(g4\ng5\n(dp234\nS'Group'\np235\n(dp236\ng9\n(dp237\nS'permissions'\np238\n(dp239\ng13\ncdjango.db.models.fields.related\nManyToManyField\np240\nsg15\nVauth.Permission\np241\nssg20\n(dp242\ng13\ng22\nsg23\nI01\nssS'name'\np243\n(dp244\ng58\nI80\nsg13\ng57\nsg70\nI01\nsssg33\n(dp245\ng35\n(lp246\nsg37\nVauth_group\np247\nsg39\nS''\nsg40\ng20\nsssS'User'\np248\n(dp249\ng9\n(dp250\nS'username'\np251\n(dp252\ng58\nI30\nsg13\ng57\nsg70\nI01\nssS'first_name'\np253\n(dp254\ng13\ng57\nsg58\nI30\nssS'last_name'\np255\n(dp256\ng13\ng57\nsg58\nI30\nssS'is_active'\np257\n(dp258\ng13\ng115\nssS'email'\np259\n(dp260\ng13\ncdjango.db.models.fields\nEmailField\np261\nsg58\nI75\nssS'is_superuser'\np262\n(dp263\ng13\ng115\nssS'is_staff'\np264\n(dp265\ng13\ng115\nssS'last_login'\np266\n(dp267\ng13\ng191\nssS'groups'\np268\n(dp269\ng13\ng240\nsg15\nVauth.Group\np270\nssS'user_permissions'\np271\n(dp272\ng13\ng240\nsg15\nVauth.Permission\np273\nssS'password'\np274\n(dp275\ng13\ng57\nsg58\nI128\nssg20\n(dp276\ng13\ng22\nsg23\nI01\nssS'date_joined'\np277\n(dp278\ng13\ng191\nsssg33\n(dp279\ng35\n(lp280\nsg37\nVauth_user\np281\nsg39\nS''\nsg40\ng20\nsssS'Permission'\np282\n(dp283\ng9\n(dp284\nS'codename'\np285\n(dp286\ng13\ng57\nsg58\nI100\nssg20\n(dp287\ng13\ng22\nsg23\nI01\nssg219\n(dp288\ng13\ng14\nsg15\nVcontenttypes.ContentType\np289\nssg243\n(dp290\ng13\ng57\nsg58\nI50\nsssg33\n(dp291\ng35\n((Vcontent_type\nVcodename\nttp292\nsg37\nVauth_permission\np293\nsg39\nS''\nsg40\ng20\nssstRp294\n(dp295\ng176\n(lp296\ng282\nag235\nag248\nasbsS'feriados'\np297\ng3\n(g4\ng5\n(dp298\nS'Feriado'\np299\n(dp300\ng9\n(dp301\nS'data_anual_movel'\np302\n(dp303\ng58\nI100\nsg13\ng57\nsg27\nI01\nssS'data_anual_fixa'\np304\n(dp305\ng58\nI5\nsg13\ng57\nsg27\nI01\nssS'data_unica'\np306\n(dp307\ng13\ng26\nsg27\nI01\nssg20\n(dp308\ng13\ng22\nsg23\nI01\nssg89\n(dp309\ng13\ng57\nsg58\nI250\nsssg33\n(dp310\ng35\n(lp311\nsg37\nVferiados_feriado\np312\nsg39\nS''\nsg40\ng20\nssstRp313\n(dp314\ng176\n(lp315\ng299\nasbsS'contenttypes'\np316\ng3\n(g4\ng5\n(dp317\nS'ContentType'\np318\n(dp319\ng9\n(dp320\nS'model'\np321\n(dp322\ng13\ng57\nsg58\nI100\nssS'app_label'\np323\n(dp324\ng13\ng57\nsg58\nI100\nssg20\n(dp325\ng13\ng22\nsg23\nI01\nssg243\n(dp326\ng13\ng57\nsg58\nI100\nsssg33\n(dp327\ng35\n((S'app_label'\nS'model'\nttp328\nsg37\nS'django_content_type'\np329\nsg39\nS''\nsg40\ng20\nssstRp330\n(dp331\ng176\n(lp332\ng318\nasbsS'staticfiles'\np333\ng3\n(g4\ng5\n(dtRp334\n(dp335\ng176\n(lp336\nsbsS'django_evolution'\np337\ng3\n(g4\ng5\n(dp338\nS'Evolution'\np339\n(dp340\ng9\n(dp341\nS'label'\np342\n(dp343\ng13\ng57\nsg58\nI100\nssS'version'\np344\n(dp345\ng13\ng14\nsg15\nVdjango_evolution.Version\np346\nssg20\n(dp347\ng13\ng22\nsg23\nI01\nssg323\n(dp348\ng13\ng57\nsg58\nI200\nsssg33\n(dp349\ng35\n(lp350\nsg37\nS'django_evolution'\np351\nsg39\nS''\nsg40\ng20\nsssS'Version'\np352\n(dp353\ng9\n(dp354\nS'when'\np355\n(dp356\ng13\ng191\nssg20\n(dp357\ng13\ng22\nsg23\nI01\nssS'signature'\np358\n(dp359\ng13\ng74\nsssg33\n(dp360\ng35\n(lp361\nsg37\nS'django_project_version'\np362\nsg39\nS''\nsg40\ng20\nssstRp363\n(dp364\ng176\n(lp365\ng352\nag339\nasbsS'contabil'\np366\ng3\n(g4\ng5\n(dp367\nS'Lancamento'\np368\n(dp369\ng9\n(dp370\nS'transacao'\np371\n(dp372\ng13\ng14\nsg15\nVcontabil.Transacao\np373\nssg119\n(dp374\ng13\ng74\nssg20\n(dp375\ng13\ng22\nsg23\nI01\nssg28\n(dp376\ng13\ng30\nsg31\nI10\nsg32\nI2\nsssg33\n(dp377\ng35\n(lp378\nsg37\nVcontabil_lancamento\np379\nsg39\nS''\nsg40\ng20\nsssS'Registro'\np380\n(dp381\ng9\n(dp382\ng20\n(dp383\ng13\ng22\nsg23\nI01\nssg89\n(dp384\ng13\ng74\nsg70\nI01\nsssg33\n(dp385\ng35\n(lp386\nsg37\nVcontabil_registro\np387\nsg39\nS''\nsg40\ng20\nsssS'Transacao'\np388\n(dp389\ng9\n(dp390\nS'registro'\np391\n(dp392\ng13\ng14\nsg15\nVcontabil.Registro\np393\nssg68\n(dp394\ng13\ng26\nssg20\n(dp395\ng13\ng22\nsg23\nI01\nssg55\n(dp396\ng13\ng74\nsssg33\n(dp397\ng35\n(lp398\nsg37\nVcontabil_transacao\np399\nsg39\nS''\nsg40\ng20\nssstRp400\n(dp401\ng176\n(lp402\ng380\nag388\nag368\nasbsS'__version__'\np403\nI1\nsS'config'\np404\ng3\n(g4\ng5\n(dp405\nS'VestatConfiguration'\np406\n(dp407\ng9\n(dp408\nS'parcelas_10p_funcionarios'\np409\n(dp410\ng13\ng67\nssg20\n(dp411\ng13\ng22\nsg23\nI01\nssS'parcelas_10p_casa'\np412\n(dp413\ng13\ng67\nsssg33\n(dp414\ng35\n(lp415\nsg37\nVconfig_vestatconfiguration\np416\nsg39\nS''\nsg40\ng20\nssstRp417\n(dp418\ng176\n(lp419\ng406\nasbs."}}, {"pk": 1, "model": "django_evolution.evolution", "fields": {"version": 1, "label": "session_expire_date_db_index", "app_label": "sessions"}}, {"pk": 2, "model": "django_evolution.evolution", "fields": {"version": 1, "label": "auth_delete_message", "app_label": "auth"}}, {"pk": 1, "model": "contenttypes.contenttype", "fields": {"model": "vestatconfiguration", "name": "Configura\u00e7\u00e3o do Vestat", "app_label": "config"}}, {"pk": 2, "model": "contenttypes.contenttype", "fields": {"model": "feriado", "name": "feriado", "app_label": "feriados"}}, {"pk": 3, "model": "contenttypes.contenttype", "fields": {"model": "pagamentocomcartao", "name": "pagamento com cartao", "app_label": "caixa"}}, {"pk": 4, "model": "contenttypes.contenttype", "fields": {"model": "movimentacaobancaria", "name": "Movimenta\u00e7\u00e3o banc\u00e1ria", "app_label": "caixa"}}, {"pk": 5, "model": "contenttypes.contenttype", "fields": {"model": "dia", "name": "dia", "app_label": "caixa"}}, {"pk": 6, "model": "contenttypes.contenttype", "fields": {"model": "categoriademovimentacao", "name": "Categoria de movimenta\u00e7\u00e3o", "app_label": "caixa"}}, {"pk": 7, "model": "contenttypes.contenttype", "fields": {"model": "despesadecaixa", "name": "Despesa de caixa", "app_label": "caixa"}}, {"pk": 8, "model": "contenttypes.contenttype", "fields": {"model": "venda", "name": "venda", "app_label": "caixa"}}, {"pk": 9, "model": "contenttypes.contenttype", "fields": {"model": "bandeira", "name": "bandeira", "app_label": "caixa"}}, {"pk": 10, "model": "contenttypes.contenttype", "fields": {"model": "ajustedecaixa", "name": "Ajuste de caixa", "app_label": "caixa"}}, {"pk": 11, "model": "contenttypes.contenttype", "fields": {"model": "transacao", "name": "Transa\u00e7\u00e3o", "app_label": "contabil"}}, {"pk": 12, "model": "contenttypes.contenttype", "fields": {"model": "lancamento", "name": "Lan\u00e7amento", "app_label": "contabil"}}, {"pk": 13, "model": "contenttypes.contenttype", "fields": {"model": "registro", "name": "registro", "app_label": "contabil"}}, {"pk": 14, "model": "contenttypes.contenttype", "fields": {"model": "evolution", "name": "evolution", "app_label": "django_evolution"}}, {"pk": 15, "model": "contenttypes.contenttype", "fields": {"model": "version", "name": "version", "app_label": "django_evolution"}}, {"pk": 16, "model": "contenttypes.contenttype", "fields": {"model": "logentry", "name": "log entry", "app_label": "admin"}}, {"pk": 17, "model": "contenttypes.contenttype", "fields": {"model": "session", "name": "session", "app_label": "sessions"}}, {"pk": 18, "model": "contenttypes.contenttype", "fields": {"model": "contenttype", "name": "content type", "app_label": "contenttypes"}}, {"pk": 19, "model": "contenttypes.contenttype", "fields": {"model": "group", "name": "group", "app_label": "auth"}}, {"pk": 20, "model": "contenttypes.contenttype", "fields": {"model": "user", "name": "user", "app_label": "auth"}}, {"pk": 21, "model": "contenttypes.contenttype", "fields": {"model": "permission", "name": "permission", "app_label": "auth"}}, {"pk": 1, "model": "auth.permission", "fields": {"codename": "add_vestatconfiguration", "name": "Can add Configura\u00e7\u00e3o do Vestat", "content_type": 1}}, {"pk": 2, "model": "auth.permission", "fields": {"codename": "change_vestatconfiguration", "name": "Can change Configura\u00e7\u00e3o do Vestat", "content_type": 1}}, {"pk": 3, "model": "auth.permission", "fields": {"codename": "delete_vestatconfiguration", "name": "Can delete Configura\u00e7\u00e3o do Vestat", "content_type": 1}}, {"pk": 4, "model": "auth.permission", "fields": {"codename": "add_feriado", "name": "Can add feriado", "content_type": 2}}, {"pk": 5, "model": "auth.permission", "fields": {"codename": "change_feriado", "name": "Can change feriado", "content_type": 2}}, {"pk": 6, "model": "auth.permission", "fields": {"codename": "delete_feriado", "name": "Can delete feriado", "content_type": 2}}, {"pk": 7, "model": "auth.permission", "fields": {"codename": "add_dia", "name": "Can add dia", "content_type": 5}}, {"pk": 8, "model": "auth.permission", "fields": {"codename": "change_dia", "name": "Can change dia", "content_type": 5}}, {"pk": 9, "model": "auth.permission", "fields": {"codename": "delete_dia", "name": "Can delete dia", "content_type": 5}}, {"pk": 10, "model": "auth.permission", "fields": {"codename": "add_bandeira", "name": "Can add bandeira", "content_type": 9}}, {"pk": 11, "model": "auth.permission", "fields": {"codename": "change_bandeira", "name": "Can change bandeira", "content_type": 9}}, {"pk": 12, "model": "auth.permission", "fields": {"codename": "delete_bandeira", "name": "Can delete bandeira", "content_type": 9}}, {"pk": 13, "model": "auth.permission", "fields": {"codename": "add_pagamentocomcartao", "name": "Can add pagamento com cartao", "content_type": 3}}, {"pk": 14, "model": "auth.permission", "fields": {"codename": "change_pagamentocomcartao", "name": "Can change pagamento com cartao", "content_type": 3}}, {"pk": 15, "model": "auth.permission", "fields": {"codename": "delete_pagamentocomcartao", "name": "Can delete pagamento com cartao", "content_type": 3}}, {"pk": 16, "model": "auth.permission", "fields": {"codename": "add_venda", "name": "Can add venda", "content_type": 8}}, {"pk": 17, "model": "auth.permission", "fields": {"codename": "change_venda", "name": "Can change venda", "content_type": 8}}, {"pk": 18, "model": "auth.permission", "fields": {"codename": "delete_venda", "name": "Can delete venda", "content_type": 8}}, {"pk": 19, "model": "auth.permission", "fields": {"codename": "add_ajustedecaixa", "name": "Can add Ajuste de caixa", "content_type": 10}}, {"pk": 20, "model": "auth.permission", "fields": {"codename": "change_ajustedecaixa", "name": "Can change Ajuste de caixa", "content_type": 10}}, {"pk": 21, "model": "auth.permission", "fields": {"codename": "delete_ajustedecaixa", "name": "Can delete Ajuste de caixa", "content_type": 10}}, {"pk": 22, "model": "auth.permission", "fields": {"codename": "add_categoriademovimentacao", "name": "Can add Categoria de movimenta\u00e7\u00e3o", "content_type": 6}}, {"pk": 23, "model": "auth.permission", "fields": {"codename": "change_categoriademovimentacao", "name": "Can change Categoria de movimenta\u00e7\u00e3o", "content_type": 6}}, {"pk": 24, "model": "auth.permission", "fields": {"codename": "delete_categoriademovimentacao", "name": "Can delete Categoria de movimenta\u00e7\u00e3o", "content_type": 6}}, {"pk": 25, "model": "auth.permission", "fields": {"codename": "add_despesadecaixa", "name": "Can add Despesa de caixa", "content_type": 7}}, {"pk": 26, "model": "auth.permission", "fields": {"codename": "change_despesadecaixa", "name": "Can change Despesa de caixa", "content_type": 7}}, {"pk": 27, "model": "auth.permission", "fields": {"codename": "delete_despesadecaixa", "name": "Can delete Despesa de caixa", "content_type": 7}}, {"pk": 28, "model": "auth.permission", "fields": {"codename": "add_movimentacaobancaria", "name": "Can add Movimenta\u00e7\u00e3o banc\u00e1ria", "content_type": 4}}, {"pk": 29, "model": "auth.permission", "fields": {"codename": "change_movimentacaobancaria", "name": "Can change Movimenta\u00e7\u00e3o banc\u00e1ria", "content_type": 4}}, {"pk": 30, "model": "auth.permission", "fields": {"codename": "delete_movimentacaobancaria", "name": "Can delete Movimenta\u00e7\u00e3o banc\u00e1ria", "content_type": 4}}, {"pk": 31, "model": "auth.permission", "fields": {"codename": "add_registro", "name": "Can add registro", "content_type": 13}}, {"pk": 32, "model": "auth.permission", "fields": {"codename": "change_registro", "name": "Can change registro", "content_type": 13}}, {"pk": 33, "model": "auth.permission", "fields": {"codename": "delete_registro", "name": "Can delete registro", "content_type": 13}}, {"pk": 34, "model": "auth.permission", "fields": {"codename": "add_transacao", "name": "Can add Transa\u00e7\u00e3o", "content_type": 11}}, {"pk": 35, "model": "auth.permission", "fields": {"codename": "change_transacao", "name": "Can change Transa\u00e7\u00e3o", "content_type": 11}}, {"pk": 36, "model": "auth.permission", "fields": {"codename": "delete_transacao", "name": "Can delete Transa\u00e7\u00e3o", "content_type": 11}}, {"pk": 37, "model": "auth.permission", "fields": {"codename": "add_lancamento", "name": "Can add Lan\u00e7amento", "content_type": 12}}, {"pk": 38, "model": "auth.permission", "fields": {"codename": "change_lancamento", "name": "Can change Lan\u00e7amento", "content_type": 12}}, {"pk": 39, "model": "auth.permission", "fields": {"codename": "delete_lancamento", "name": "Can delete Lan\u00e7amento", "content_type": 12}}, {"pk": 40, "model": "auth.permission", "fields": {"codename": "add_version", "name": "Can add version", "content_type": 15}}, {"pk": 41, "model": "auth.permission", "fields": {"codename": "change_version", "name": "Can change version", "content_type": 15}}, {"pk": 42, "model": "auth.permission", "fields": {"codename": "delete_version", "name": "Can delete version", "content_type": 15}}, {"pk": 43, "model": "auth.permission", "fields": {"codename": "add_evolution", "name": "Can add evolution", "content_type": 14}}, {"pk": 44, "model": "auth.permission", "fields": {"codename": "change_evolution", "name": "Can change evolution", "content_type": 14}}, {"pk": 45, "model": "auth.permission", "fields": {"codename": "delete_evolution", "name": "Can delete evolution", "content_type": 14}}, {"pk": 46, "model": "auth.permission", "fields": {"codename": "add_logentry", "name": "Can add log entry", "content_type": 16}}, {"pk": 47, "model": "auth.permission", "fields": {"codename": "change_logentry", "name": "Can change log entry", "content_type": 16}}, {"pk": 48, "model": "auth.permission", "fields": {"codename": "delete_logentry", "name": "Can delete log entry", "content_type": 16}}, {"pk": 49, "model": "auth.permission", "fields": {"codename": "add_session", "name": "Can add session", "content_type": 17}}, {"pk": 50, "model": "auth.permission", "fields": {"codename": "change_session", "name": "Can change session", "content_type": 17}}, {"pk": 51, "model": "auth.permission", "fields": {"codename": "delete_session", "name": "Can delete session", "content_type": 17}}, {"pk": 52, "model": "auth.permission", "fields": {"codename": "add_contenttype", "name": "Can add content type", "content_type": 18}}, {"pk": 53, "model": "auth.permission", "fields": {"codename": "change_contenttype", "name": "Can change content type", "content_type": 18}}, {"pk": 54, "model": "auth.permission", "fields": {"codename": "delete_contenttype", "name": "Can delete content type", "content_type": 18}}, {"pk": 55, "model": "auth.permission", "fields": {"codename": "add_permission", "name": "Can add permission", "content_type": 21}}, {"pk": 56, "model": "auth.permission", "fields": {"codename": "change_permission", "name": "Can change permission", "content_type": 21}}, {"pk": 57, "model": "auth.permission", "fields": {"codename": "delete_permission", "name": "Can delete permission", "content_type": 21}}, {"pk": 58, "model": "auth.permission", "fields": {"codename": "add_group", "name": "Can add group", "content_type": 19}}, {"pk": 59, "model": "auth.permission", "fields": {"codename": "change_group", "name": "Can change group", "content_type": 19}}, {"pk": 60, "model": "auth.permission", "fields": {"codename": "delete_group", "name": "Can delete group", "content_type": 19}}, {"pk": 61, "model": "auth.permission", "fields": {"codename": "add_user", "name": "Can add user", "content_type": 20}}, {"pk": 62, "model": "auth.permission", "fields": {"codename": "change_user", "name": "Can change user", "content_type": 20}}, {"pk": 63, "model": "auth.permission", "fields": {"codename": "delete_user", "name": "Can delete user", "content_type": 20}}, {"pk": 1, "model": "auth.user", "fields": {"username": "vestat", "first_name": "", "last_name": "", "is_active": true, "is_superuser": true, "is_staff": true, "last_login": "2013-05-17T23:37:02.150", "groups": [], "user_permissions": [], "password": "pbkdf2_sha256$10000$FUexaVGCs54h$MTW4tH3DjCcZY3Eyn4Vekbw5myNbsl1kuT73IfKYn1A=", "email": "dev@lucasteixeira.com", "date_joined": "2013-05-17T23:37:02.150"}}]